master_metadata_track_name,master_metadata_album_artist_name,total_play_count,year,genre,track_id,popularity,acousticness,danceability,duration_ms,energy,instrumentalness,key,liveness,loudness,mode,speechiness,tempo,time_signature,valence
Someday,The Growlers,160,2017,Indie,5uplevkaUGRLExATEbSQiR,48,0.953,0.402,215780,0.772,0.86,A#,0.172,-4.578,Major,0.0394,156.116,4/4,0.748
Someday,The Growlers,160,2017,Rock,5uplevkaUGRLExATEbSQiR,48,0.953,0.402,215780,0.772,0.86,A#,0.172,-4.578,Major,0.0394,156.116,4/4,0.748
Living In A Memory,The Growlers,136,2017,Indie,2b9D3N4pnBUbYXVi7vbWy4,45,0.188,0.416,195530,0.668,0.637,D,0.728,-4.865,Major,0.0281,85.357,4/4,0.793
Still Beating,Mac DeMarco,123,2017,Indie,2N4idqj9TT3HnH2OFT9j0v,67,0.581,0.709,181587,0.496,0.195,C#,0.151,-10.528,Minor,0.0417,78.477,4/4,0.469
Trouble,Cage The Elephant,115,2017,Blues,5n0CTysih20NYdT2S0Wpe8,68,0.392,0.47,225973,0.623,0.000453,C,0.0992,-5.655,Major,0.0302,77.861,4/4,0.298
Trouble,Cage The Elephant,115,2017,Children’s Music,5n0CTysih20NYdT2S0Wpe8,71,0.392,0.47,225973,0.623,0.000453,C,0.0992,-5.655,Major,0.0302,77.861,4/4,0.298
Trouble,Cage The Elephant,115,2017,Indie,5n0CTysih20NYdT2S0Wpe8,72,0.392,0.47,225973,0.623,0.000453,C,0.0992,-5.655,Major,0.0302,77.861,4/4,0.298
Trouble,Cage The Elephant,115,2017,Pop,5n0CTysih20NYdT2S0Wpe8,72,0.392,0.47,225973,0.623,0.000453,C,0.0992,-5.655,Major,0.0302,77.861,4/4,0.298
Trouble,Cage The Elephant,115,2017,Rock,5n0CTysih20NYdT2S0Wpe8,72,0.392,0.47,225973,0.623,0.000453,C,0.0992,-5.655,Major,0.0302,77.861,4/4,0.298
Ophelia,The Lumineers,114,2017,Folk,3d8y0t70g7hw2FOWl9Z4Fm,70,0.613,0.664,160097,0.573,0.000363,F,0.0857,-6.519,Major,0.0277,76.023,4/4,0.566
Ophelia,The Lumineers,114,2017,Indie,3d8y0t70g7hw2FOWl9Z4Fm,70,0.613,0.664,160097,0.573,0.000363,F,0.0857,-6.519,Major,0.0277,76.023,4/4,0.566
Ophelia,The Lumineers,114,2017,Pop,3d8y0t70g7hw2FOWl9Z4Fm,70,0.613,0.664,160097,0.573,0.000363,F,0.0857,-6.519,Major,0.0277,76.023,4/4,0.566
Ophelia,The Lumineers,114,2017,Rock,3d8y0t70g7hw2FOWl9Z4Fm,70,0.613,0.664,160097,0.573,0.000363,F,0.0857,-6.519,Major,0.0277,76.023,4/4,0.566
Threat of Joy,The Strokes,114,2017,Alternative,6YQeOwMMAkB9MV9yMWmrjh,60,0.216,0.594,264662,0.728,0.0881,C,0.124,-6.917,Major,0.0281,137.97,4/4,0.687
Threat of Joy,The Strokes,114,2017,Children’s Music,6YQeOwMMAkB9MV9yMWmrjh,64,0.216,0.594,264662,0.728,0.0881,C,0.124,-6.917,Major,0.0281,137.97,4/4,0.687
Threat of Joy,The Strokes,114,2017,Indie,6YQeOwMMAkB9MV9yMWmrjh,65,0.216,0.594,264662,0.728,0.0881,C,0.124,-6.917,Major,0.0281,137.97,4/4,0.687
Threat of Joy,The Strokes,114,2017,Rock,6YQeOwMMAkB9MV9yMWmrjh,65,0.216,0.594,264662,0.728,0.0881,C,0.124,-6.917,Major,0.0281,137.97,4/4,0.687
One Million Lovers,The Growlers,104,2017,Indie,4BOHngI1gLDA5OZFTZVAHl,54,0.713,0.5,282739,0.723,0.00107,F,0.107,-5.07,Minor,0.0322,101.97,4/4,0.677
One Million Lovers,The Growlers,104,2017,Rock,4BOHngI1gLDA5OZFTZVAHl,54,0.713,0.5,282739,0.723,0.00107,F,0.107,-5.07,Minor,0.0322,101.97,4/4,0.677
Everlasting Light,The Black Keys,101,2017,Alternative,6dU5RxthbuaN31bRbEDlNw,55,0.127,0.641,203773,0.582,0.00632,E,0.354,-6.554,Major,0.0483,181.039,4/4,0.725
Everlasting Light,The Black Keys,101,2017,Blues,6dU5RxthbuaN31bRbEDlNw,55,0.127,0.641,203773,0.582,0.00632,E,0.354,-6.554,Major,0.0483,181.039,4/4,0.725
Everlasting Light,The Black Keys,101,2017,Children’s Music,6dU5RxthbuaN31bRbEDlNw,58,0.127,0.641,203773,0.582,0.00632,E,0.354,-6.554,Major,0.0483,181.039,4/4,0.725
Everlasting Light,The Black Keys,101,2017,Indie,6dU5RxthbuaN31bRbEDlNw,59,0.127,0.641,203773,0.582,0.00632,E,0.354,-6.554,Major,0.0483,181.039,4/4,0.725
Everlasting Light,The Black Keys,101,2017,Rock,6dU5RxthbuaN31bRbEDlNw,59,0.127,0.641,203773,0.582,0.00632,E,0.354,-6.554,Major,0.0483,181.039,4/4,0.725
Reptilia,The Strokes,100,2017,Alternative,57Xjny5yNzAcsxnusKmAfA,68,0.000563,0.486,219754,0.666,0.789,A,0.101,-5.084,Major,0.033,157.992,4/4,0.741
Reptilia,The Strokes,100,2017,Children’s Music,57Xjny5yNzAcsxnusKmAfA,70,0.000563,0.486,219754,0.666,0.789,A,0.101,-5.084,Major,0.033,157.992,4/4,0.741
Reptilia,The Strokes,100,2017,Indie,57Xjny5yNzAcsxnusKmAfA,71,0.000563,0.486,219754,0.666,0.789,A,0.101,-5.084,Major,0.033,157.992,4/4,0.741
Reptilia,The Strokes,100,2017,Rock,57Xjny5yNzAcsxnusKmAfA,71,0.000563,0.486,219754,0.666,0.789,A,0.101,-5.084,Major,0.033,157.992,4/4,0.741
City Club,The Growlers,100,2017,Indie,17jEoYoOfRD6dvNCMmC9n4,59,0.00445,0.717,196673,0.77,1.79e-06,G,0.214,-6.083,Major,0.0268,110.501,4/4,0.739
City Club,The Growlers,100,2017,Rock,17jEoYoOfRD6dvNCMmC9n4,59,0.00445,0.717,196673,0.77,1.79e-06,G,0.214,-6.083,Major,0.0268,110.501,4/4,0.739
Meet Me in the Bathroom,The Strokes,100,2017,Alternative,08l9WKDuRyGeStQ9ojTlFh,44,6.7e-05,0.426,176160,0.94,0.883,G,0.0772,-3.973,Major,0.0337,139.952,4/4,0.595
Meet Me in the Bathroom,The Strokes,100,2017,Children’s Music,08l9WKDuRyGeStQ9ojTlFh,47,6.7e-05,0.426,176160,0.94,0.883,G,0.0772,-3.973,Major,0.0337,139.952,4/4,0.595
Take It or Leave It,Cage The Elephant,99,2017,Blues,43O3Iu8mDJy10i6k8SVRXX,53,0.0289,0.71,207320,0.847,0.000332,C,0.0613,-3.009,Major,0.0892,119.943,4/4,0.65
Take It or Leave It,Cage The Elephant,99,2017,Children’s Music,43O3Iu8mDJy10i6k8SVRXX,56,0.0289,0.71,207320,0.847,0.000332,C,0.0613,-3.009,Major,0.0892,119.943,4/4,0.65
Take It or Leave It,Cage The Elephant,99,2017,Indie,43O3Iu8mDJy10i6k8SVRXX,57,0.0289,0.71,207320,0.847,0.000332,C,0.0613,-3.009,Major,0.0892,119.943,4/4,0.65
Take It or Leave It,Cage The Elephant,99,2017,Rock,43O3Iu8mDJy10i6k8SVRXX,57,0.0289,0.71,207320,0.847,0.000332,C,0.0613,-3.009,Major,0.0892,119.943,4/4,0.65
Someday,The Strokes,97,2017,Alternative,7hm4HTk9encxT0LYC0J6oI,65,0.00425,0.538,183440,0.52,0.0,A,0.367,-7.46,Major,0.0299,106.031,4/4,0.678
Someday,The Strokes,97,2017,Children’s Music,7hm4HTk9encxT0LYC0J6oI,68,0.00425,0.538,183440,0.52,0.0,A,0.367,-7.46,Major,0.0299,106.031,4/4,0.678
Someday,The Strokes,97,2017,Indie,7hm4HTk9encxT0LYC0J6oI,68,0.00425,0.538,183440,0.52,0.0,A,0.367,-7.46,Major,0.0299,106.031,4/4,0.678
Someday,The Strokes,97,2017,Rock,7hm4HTk9encxT0LYC0J6oI,68,0.00425,0.538,183440,0.52,0.0,A,0.367,-7.46,Major,0.0299,106.031,4/4,0.678
Black Memories,The Growlers,96,2017,Indie,2HWFdHcyJAipiBNMoq0olx,52,0.00625,0.614,171400,0.577,0.0,C,0.152,-8.012,Major,0.0285,113.948,4/4,0.835
Black Memories,The Growlers,96,2017,Rock,2HWFdHcyJAipiBNMoq0olx,52,0.00625,0.614,171400,0.577,0.0,C,0.152,-8.012,Major,0.0285,113.948,4/4,0.835
Human,The Killers,95,2017,Indie,1sTsuZTdANkiFd7T34H3nb,71,0.00132,0.557,245373,0.8,0.0012,A#,0.0906,-8.477,Major,0.0601,135.47,4/4,0.582
Human,The Killers,95,2017,Rock,1sTsuZTdANkiFd7T34H3nb,71,0.00132,0.557,245373,0.8,0.0012,A#,0.0906,-8.477,Major,0.0601,135.47,4/4,0.582
Soma,The Strokes,91,2017,Alternative,6gU7ohksNd6LsEJMWfDRhp,49,0.0747,0.499,153840,0.706,0.00289,C,0.0753,-7.335,Major,0.0302,148.931,4/4,0.483
Soma,The Strokes,91,2017,Children’s Music,6gU7ohksNd6LsEJMWfDRhp,52,0.0747,0.499,153840,0.706,0.00289,C,0.0753,-7.335,Major,0.0302,148.931,4/4,0.483
Soma,The Strokes,91,2017,Indie,6gU7ohksNd6LsEJMWfDRhp,53,0.0747,0.499,153840,0.706,0.00289,C,0.0753,-7.335,Major,0.0302,148.931,4/4,0.483
Soma,The Strokes,91,2017,Rock,6gU7ohksNd6LsEJMWfDRhp,53,0.0747,0.499,153840,0.706,0.00289,C,0.0753,-7.335,Major,0.0302,148.931,4/4,0.483
Unknown Brother,The Black Keys,91,2017,Alternative,0BQH5uHglCuHVImyCjOOHc,43,0.466,0.5,239693,0.552,0.00221,A,0.108,-7.888,Major,0.0413,83.81,4/4,0.209
Unknown Brother,The Black Keys,91,2017,Blues,0BQH5uHglCuHVImyCjOOHc,43,0.466,0.5,239693,0.552,0.00221,A,0.108,-7.888,Major,0.0413,83.81,4/4,0.209
Star Treatment,Arctic Monkeys,197,2018,Indie,0FgNSsaSZTvbLXUumSO8LQ,63,0.243,0.581,354640,0.767,0.00131,G,0.141,-5.026,Minor,0.0527,120.07,4/4,0.673
Star Treatment,Arctic Monkeys,197,2018,Rock,0FgNSsaSZTvbLXUumSO8LQ,63,0.243,0.581,354640,0.767,0.00131,G,0.141,-5.026,Minor,0.0527,120.07,4/4,0.673
Leave It In My Dreams,The Voidz,190,2018,Alternative,31u6rUeIEXGrYVoh10U7eu,53,0.0226,0.6,239442,0.746,0.0119,E,0.109,-4.696,Minor,0.0355,118.551,4/4,0.614
Like Real People Do,Hozier,181,2018,Folk,57V4uc2b2diZ4RPHXWecb9,67,0.921,0.539,198027,0.179,0.393,G,0.106,-14.33,Major,0.0309,140.01,3/4,0.145
Like Real People Do,Hozier,181,2018,Pop,57V4uc2b2diZ4RPHXWecb9,67,0.921,0.539,198027,0.179,0.393,G,0.106,-14.33,Major,0.0309,140.01,3/4,0.145
The World's First Ever Monster Truck Front Flip,Arctic Monkeys,145,2018,Indie,1JdArJ9NKCF9TQASGQgszg,55,0.346,0.602,180013,0.601,0.349,A#,0.0735,-5.742,Major,0.0303,145.075,4/4,0.553
The World's First Ever Monster Truck Front Flip,Arctic Monkeys,145,2018,Rock,1JdArJ9NKCF9TQASGQgszg,55,0.346,0.602,180013,0.601,0.349,A#,0.0735,-5.742,Major,0.0303,145.075,4/4,0.553
Two Princes,Spin Doctors,143,2018,Alternative,4ePP9So5xRzspjLFVVbj90,69,0.00162,0.543,256733,0.912,2.1e-06,G,0.0565,-10.71,Major,0.0601,103.731,4/4,0.836
Two Princes,Spin Doctors,143,2018,Children’s Music,4ePP9So5xRzspjLFVVbj90,72,0.00162,0.543,256733,0.912,2.1e-06,G,0.0565,-10.71,Major,0.0601,103.731,4/4,0.836
Two Princes,Spin Doctors,143,2018,Pop,4ePP9So5xRzspjLFVVbj90,73,0.00162,0.543,256733,0.912,2.1e-06,G,0.0565,-10.71,Major,0.0601,103.731,4/4,0.836
Two Princes,Spin Doctors,143,2018,Rock,4ePP9So5xRzspjLFVVbj90,73,0.00162,0.543,256733,0.912,2.1e-06,G,0.0565,-10.71,Major,0.0601,103.731,4/4,0.836
Days,The Drums,135,2018,Alternative,6113aOfHIC0vbZVDZ6PpRV,51,0.369,0.586,269082,0.721,0.16,D,0.141,-7.743,Major,0.0289,84.987,4/4,0.657
Days,The Drums,135,2018,Dance,6113aOfHIC0vbZVDZ6PpRV,53,0.369,0.586,269082,0.721,0.16,D,0.141,-7.743,Major,0.0289,84.987,4/4,0.657
Days,The Drums,135,2018,Indie,6113aOfHIC0vbZVDZ6PpRV,53,0.369,0.586,269082,0.721,0.16,D,0.141,-7.743,Major,0.0289,84.987,4/4,0.657
Days,The Drums,135,2018,Children’s Music,6113aOfHIC0vbZVDZ6PpRV,53,0.369,0.586,269082,0.721,0.16,D,0.141,-7.743,Major,0.0289,84.987,4/4,0.657
Days,The Drums,135,2018,Rock,6113aOfHIC0vbZVDZ6PpRV,53,0.369,0.586,269082,0.721,0.16,D,0.141,-7.743,Major,0.0289,84.987,4/4,0.657
Wink,The Voidz,116,2018,Alternative,6VFaZ3zgXaRbc79GRqhbBz,39,0.171,0.56,240133,0.79,0.0,G,0.291,-4.817,Major,0.0385,110.021,4/4,0.552
Batphone,Arctic Monkeys,111,2018,Indie,7seSDB6TiLZarbicyDIjiQ,56,0.312,0.675,271613,0.681,0.0,F,0.304,-5.728,Minor,0.0356,106.521,4/4,0.675
Batphone,Arctic Monkeys,111,2018,Rock,7seSDB6TiLZarbicyDIjiQ,56,0.312,0.675,271613,0.681,0.0,F,0.304,-5.728,Minor,0.0356,106.521,4/4,0.675
One Point Perspective,Arctic Monkeys,109,2018,Indie,2AKwcNHeGAqCpD6etK425X,62,0.057,0.714,208640,0.585,0.00444,G#,0.144,-4.57,Major,0.0419,77.104,4/4,0.842
One Point Perspective,Arctic Monkeys,109,2018,Rock,2AKwcNHeGAqCpD6etK425X,62,0.057,0.714,208640,0.585,0.00444,G#,0.144,-4.57,Major,0.0419,77.104,4/4,0.842
Tessellate,alt-J,106,2018,Indie,1o22EcqsCANhwYdaNOSdwS,60,0.364,0.702,181400,0.607,0.0263,D,0.123,-6.509,Major,0.0405,116.961,4/4,0.436
Tessellate,alt-J,106,2018,Rock,1o22EcqsCANhwYdaNOSdwS,60,0.364,0.702,181400,0.607,0.0263,D,0.123,-6.509,Major,0.0405,116.961,4/4,0.436
QYURRYUS,The Voidz,104,2018,Alternative,6pMRk6Tr05wmZSSINOqzE3,42,0.159,0.637,172774,0.869,0.573,C#,0.0832,-3.835,Major,0.108,103.892,4/4,0.604
ALieNNatioN,The Voidz,93,2018,Alternative,7zpHInsypgrnY9zTeCXtI4,41,0.211,0.61,279840,0.823,0.0325,F,0.105,-5.144,Minor,0.0323,92.989,4/4,0.456
Someday,The Growlers,93,2018,Indie,5uplevkaUGRLExATEbSQiR,48,0.953,0.402,215780,0.772,0.86,A#,0.172,-4.578,Major,0.0394,156.116,4/4,0.748
Someday,The Growlers,93,2018,Rock,5uplevkaUGRLExATEbSQiR,48,0.953,0.402,215780,0.772,0.86,A#,0.172,-4.578,Major,0.0394,156.116,4/4,0.748
Reckless Serenade,Arctic Monkeys,91,2018,Indie,4pDrMVAsQn0uqo9sb6C8E2,46,0.00037,0.585,162747,0.694,0.0144,D,0.0724,-6.632,Major,0.0392,127.966,4/4,0.785
The Start Of Something,Voxtrot,89,2018,Indie,6K5GAopLZzzg0ZX8k5GWwh,56,0.179,0.632,271747,0.733,1.04e-05,G#,0.0988,-6.924,Major,0.0293,107.056,4/4,0.707
The Start Of Something,Voxtrot,89,2018,Rock,6K5GAopLZzzg0ZX8k5GWwh,56,0.179,0.632,271747,0.733,1.04e-05,G#,0.0988,-6.924,Major,0.0293,107.056,4/4,0.707
Pyramid of Bones,The Voidz,86,2018,Alternative,0tfvDUmADEEEqrPcRJNT29,41,0.000354,0.376,268133,0.944,0.124,E,0.11,-3.688,Minor,0.11,140.424,4/4,0.529
Beach Rats,The Growlers,86,2018,Indie,3LkxF4JpVLJJcVuM55bXvR,45,0.844,0.409,250144,0.655,0.395,D#,0.107,-5.466,Minor,0.0297,75.266,3/4,0.608
Science Fiction,Arctic Monkeys,86,2018,Indie,57oJKJys4oC7NTR7hwZkPU,55,0.0295,0.542,185907,0.766,0.0802,G,0.396,-5.411,Major,0.0282,88.062,4/4,0.643
Science Fiction,Arctic Monkeys,86,2018,Rock,57oJKJys4oC7NTR7hwZkPU,55,0.0295,0.542,185907,0.766,0.0802,G,0.396,-5.411,Major,0.0282,88.062,4/4,0.643
Problems III,The Growlers,86,2018,Indie,7wmYgsLNRB9EpqpvR3hkvN,54,0.0489,0.332,214106,0.731,0.00347,C,0.178,-4.565,Major,0.0446,90.028,4/4,0.636
Problems III,The Growlers,86,2018,Rock,7wmYgsLNRB9EpqpvR3hkvN,54,0.0489,0.332,214106,0.731,0.00347,C,0.178,-4.565,Major,0.0446,90.028,4/4,0.636
Waves,Kanye West,84,2018,Rap,3nAq2hCr1oWsIU54tS98pL,73,0.0363,0.386,181573,0.587,3.71e-06,A#,0.332,-4.454,Major,0.0519,96.072,4/4,0.0565
Waves,Kanye West,84,2018,Pop,3nAq2hCr1oWsIU54tS98pL,73,0.0363,0.386,181573,0.587,3.71e-06,A#,0.332,-4.454,Major,0.0519,96.072,4/4,0.0565
Heaven in Hell,The Growlers,83,2018,Indie,4hQdpbUJTPVBYV7ebPK6NT,48,0.185,0.629,222089,0.799,0.0115,C,0.238,-4.635,Major,0.0402,127.952,4/4,0.922
Permanent High School,The Voidz,83,2018,Alternative,4Ee6ZsyVepVsvObgYwzgH1,43,0.0121,0.535,253827,0.827,0.0611,G,0.117,-2.932,Major,0.0989,123.952,4/4,0.649
American Sports,Arctic Monkeys,83,2018,Indie,0mQiDbYxHElUp1eNpLZXaY,57,0.00169,0.372,158040,0.865,0.00293,G,0.127,-4.288,Minor,0.0513,176.689,3/4,0.594
American Sports,Arctic Monkeys,83,2018,Rock,0mQiDbYxHElUp1eNpLZXaY,57,0.00169,0.372,158040,0.865,0.00293,G,0.127,-4.288,Minor,0.0513,176.689,3/4,0.594
Tranquility Base Hotel & Casino,Arctic Monkeys,79,2018,Indie,7co8zvT6HJuyT81IDukyID,63,0.0411,0.584,212093,0.835,0.0147,A,0.199,-4.326,Minor,0.0297,142.2,4/4,0.781
Tranquility Base Hotel & Casino,Arctic Monkeys,79,2018,Rock,7co8zvT6HJuyT81IDukyID,63,0.0411,0.584,212093,0.835,0.0147,A,0.199,-4.326,Minor,0.0297,142.2,4/4,0.781
Breezeblocks,alt-J,79,2018,Indie,3n69hLUdIsSa1WlRmjMZlW,71,0.096,0.616,227080,0.656,0.000879,F,0.205,-7.298,Major,0.0344,150.071,4/4,0.286
Breezeblocks,alt-J,79,2018,Rock,3n69hLUdIsSa1WlRmjMZlW,71,0.096,0.616,227080,0.656,0.000879,F,0.205,-7.298,Major,0.0344,150.071,4/4,0.286
Stuck on the puzzle,Alex Turner,78,2018,Indie,7w6QlKAOcNEnqRgrnJvQtr,57,0.0792,0.58,211053,0.682,0.0316,E,0.161,-8.523,Major,0.0332,77.53,4/4,0.774
Stuck on the puzzle,Alex Turner,78,2018,Rock,7w6QlKAOcNEnqRgrnJvQtr,57,0.0792,0.58,211053,0.682,0.0316,E,0.161,-8.523,Major,0.0332,77.53,4/4,0.774
Birds Dont Sing,TV Girl,77,2018,Indie,0V34LU5aBA3hYgq178hFFY,59,0.016,0.612,209347,0.942,0.0,G,0.137,-4.549,Major,0.0568,106.57,4/4,0.807
Birds Dont Sing,TV Girl,77,2018,Rock,0V34LU5aBA3hYgq178hFFY,59,0.016,0.612,209347,0.942,0.0,G,0.137,-4.549,Major,0.0568,106.57,4/4,0.807
I'll Come Too,James Blake,272,2019,Alternative,6EvUAsfncetT0RcWshHCbl,57,0.757,0.661,222400,0.472,0.00275,G,0.192,-7.889,Major,0.164,73.986,4/4,0.206
I'll Come Too,James Blake,272,2019,Indie,6EvUAsfncetT0RcWshHCbl,68,0.757,0.661,222400,0.472,0.00275,G,0.192,-7.889,Major,0.164,73.986,4/4,0.206
I'll Come Too,James Blake,272,2019,R&B,6EvUAsfncetT0RcWshHCbl,68,0.757,0.661,222400,0.472,0.00275,G,0.192,-7.889,Major,0.164,73.986,4/4,0.206
Secret Door,Arctic Monkeys,143,2019,Indie,7IUBw7EUgcjzGV6zv9fkLX,48,0.0314,0.323,223067,0.806,1.11e-05,G,0.181,-6.554,Minor,0.0769,124.615,4/4,0.548
Secret Door,Arctic Monkeys,143,2019,Rock,7IUBw7EUgcjzGV6zv9fkLX,48,0.0314,0.323,223067,0.806,1.11e-05,G,0.181,-6.554,Minor,0.0769,124.615,4/4,0.548
Soledad y el Mar (feat. Los Macorinos),Natalia Lafourcade,141,2019,Alternative,1Xtz05nIgJiEYdncfd1w8h,55,0.896,0.726,214547,0.177,2.14e-06,C#,0.116,-14.824,Minor,0.0353,92.934,4/4,0.618
Soledad y el Mar (feat. Los Macorinos),Natalia Lafourcade,141,2019,Children’s Music,1Xtz05nIgJiEYdncfd1w8h,59,0.896,0.726,214547,0.177,2.14e-06,C#,0.116,-14.824,Minor,0.0353,92.934,4/4,0.618
Soledad y el Mar (feat. Los Macorinos),Natalia Lafourcade,141,2019,Rock,1Xtz05nIgJiEYdncfd1w8h,60,0.896,0.726,214547,0.177,2.14e-06,C#,0.116,-14.824,Minor,0.0353,92.934,4/4,0.618
A Certain Romance,Arctic Monkeys,134,2019,Indie,2CbtdkBeW9Znt4vXTOafAl,54,0.000566,0.455,331200,0.881,6.06e-05,B,0.11,-5.587,Major,0.0401,137.949,4/4,0.201
A Certain Romance,Arctic Monkeys,134,2019,Rock,2CbtdkBeW9Znt4vXTOafAl,54,0.000566,0.455,331200,0.881,6.06e-05,B,0.11,-5.587,Major,0.0401,137.949,4/4,0.201
Can't Believe The Way We Flow,James Blake,125,2019,R&B,6voR6zsWIn7vgZYGOFKYSZ,65,0.705,0.259,267200,0.536,0.000501,G#,0.432,-10.309,Major,0.0367,143.948,4/4,0.29
Can't Believe The Way We Flow,James Blake,125,2019,Alternative,6voR6zsWIn7vgZYGOFKYSZ,50,0.705,0.259,267200,0.536,0.000501,G#,0.432,-10.309,Major,0.0367,143.948,4/4,0.29
Can't Believe The Way We Flow,James Blake,125,2019,Indie,6voR6zsWIn7vgZYGOFKYSZ,65,0.705,0.259,267200,0.536,0.000501,G#,0.432,-10.309,Major,0.0367,143.948,4/4,0.29
Space Song,Beach House,124,2019,Folk,0hNhlwnzMLzZSlKGDCuHOo,67,0.218,0.509,320467,0.79,0.125,C,0.144,-7.105,Minor,0.0293,147.073,4/4,0.625
Space Song,Beach House,124,2019,Indie,0hNhlwnzMLzZSlKGDCuHOo,67,0.218,0.509,320467,0.79,0.125,C,0.144,-7.105,Minor,0.0293,147.073,4/4,0.625
Space Song,Beach House,124,2019,Pop,0hNhlwnzMLzZSlKGDCuHOo,67,0.218,0.509,320467,0.79,0.125,C,0.144,-7.105,Minor,0.0293,147.073,4/4,0.625
Space Song,Beach House,124,2019,Rock,0hNhlwnzMLzZSlKGDCuHOo,67,0.218,0.509,320467,0.79,0.125,C,0.144,-7.105,Minor,0.0293,147.073,4/4,0.625
Batphone,Arctic Monkeys,115,2019,Indie,7seSDB6TiLZarbicyDIjiQ,56,0.312,0.675,271613,0.681,0.0,F,0.304,-5.728,Minor,0.0356,106.521,4/4,0.675
Batphone,Arctic Monkeys,115,2019,Rock,7seSDB6TiLZarbicyDIjiQ,56,0.312,0.675,271613,0.681,0.0,F,0.304,-5.728,Minor,0.0356,106.521,4/4,0.675
La Plata (feat. Lalo Ebratt),Juanes,102,2019,Dance,7Eso5mURNFprb5PmhOXDlf,78,0.201,0.762,195493,0.74,0.0,C#,0.275,-4.72,Minor,0.226,167.881,4/4,0.961
La Plata (feat. Lalo Ebratt),Juanes,102,2019,Pop,7Eso5mURNFprb5PmhOXDlf,78,0.201,0.762,195493,0.74,0.0,C#,0.275,-4.72,Minor,0.226,167.881,4/4,0.961
La Plata (feat. Lalo Ebratt),Juanes,102,2019,Rock,7Eso5mURNFprb5PmhOXDlf,78,0.201,0.762,195493,0.74,0.0,C#,0.275,-4.72,Minor,0.226,167.881,4/4,0.961
Mile High (feat. Travis Scott & Metro Boomin),James Blake,98,2019,Alternative,4cQrSREMqBSvJ8ZzBZjVb8,67,0.403,0.754,193600,0.37,6.22e-05,F#,0.107,-9.854,Minor,0.12,114.941,4/4,0.228
Mile High (feat. Travis Scott & Metro Boomin),James Blake,98,2019,Indie,4cQrSREMqBSvJ8ZzBZjVb8,79,0.403,0.754,193600,0.37,6.22e-05,F#,0.107,-9.854,Minor,0.12,114.941,4/4,0.228
Mile High (feat. Travis Scott & Metro Boomin),James Blake,98,2019,R&B,4cQrSREMqBSvJ8ZzBZjVb8,79,0.403,0.754,193600,0.37,6.22e-05,F#,0.107,-9.854,Minor,0.12,114.941,4/4,0.228
Dark Red,Steve Lacy,97,2019,Alternative,37y7iDayfwm3WXn5BiAoRk,64,0.449,0.603,173104,0.783,7.96e-06,F#,0.119,-4.023,Major,0.062,172.041,4/4,0.775
Dark Red,Steve Lacy,97,2019,Hip-Hop,37y7iDayfwm3WXn5BiAoRk,68,0.449,0.603,173104,0.783,7.96e-06,F#,0.119,-4.023,Major,0.062,172.041,4/4,0.775
Dark Red,Steve Lacy,97,2019,Children’s Music,37y7iDayfwm3WXn5BiAoRk,68,0.449,0.603,173104,0.783,7.96e-06,F#,0.119,-4.023,Major,0.062,172.041,4/4,0.775
Dark Red,Steve Lacy,97,2019,R&B,37y7iDayfwm3WXn5BiAoRk,68,0.449,0.603,173104,0.783,7.96e-06,F#,0.119,-4.023,Major,0.062,172.041,4/4,0.775
This Is the Day,The The,94,2019,Dance,5O7RVmqK3AYoFfyeafxOqH,61,0.0131,0.56,297067,0.875,0.000693,A#,0.063,-4.483,Major,0.0518,141.661,4/4,0.538
This Is the Day,The The,94,2019,Electronic,5O7RVmqK3AYoFfyeafxOqH,61,0.0131,0.56,297067,0.875,0.000693,A#,0.063,-4.483,Major,0.0518,141.661,4/4,0.538
This Is the Day,The The,94,2019,Children’s Music,5O7RVmqK3AYoFfyeafxOqH,61,0.0131,0.56,297067,0.875,0.000693,A#,0.063,-4.483,Major,0.0518,141.661,4/4,0.538
This Is the Day,The The,94,2019,Indie,5O7RVmqK3AYoFfyeafxOqH,62,0.0131,0.56,297067,0.875,0.000693,A#,0.063,-4.483,Major,0.0518,141.661,4/4,0.538
This Is the Day,The The,94,2019,Rock,5O7RVmqK3AYoFfyeafxOqH,62,0.0131,0.56,297067,0.875,0.000693,A#,0.063,-4.483,Major,0.0518,141.661,4/4,0.538
The Ultracheese,Arctic Monkeys,93,2019,Indie,4VysGAsuHWHDxasPnTgwbo,60,0.624,0.476,217720,0.555,3.98e-05,A,0.126,-6.551,Major,0.0404,131.497,3/4,0.426
The Ultracheese,Arctic Monkeys,93,2019,Rock,4VysGAsuHWHDxasPnTgwbo,60,0.624,0.476,217720,0.555,3.98e-05,A,0.126,-6.551,Major,0.0404,131.497,3/4,0.426
Blood Under My Belt,The Drums,91,2019,Alternative,5Nhsz5O0DIS5Mh5E3tlBbp,49,0.0932,0.595,228147,0.894,0.0165,G,0.2,-4.493,Major,0.0523,89.968,4/4,0.79
Blood Under My Belt,The Drums,91,2019,Dance,5Nhsz5O0DIS5Mh5E3tlBbp,51,0.0932,0.595,228147,0.894,0.0165,G,0.2,-4.493,Major,0.0523,89.968,4/4,0.79
Blood Under My Belt,The Drums,91,2019,Children’s Music,5Nhsz5O0DIS5Mh5E3tlBbp,51,0.0932,0.595,228147,0.894,0.0165,G,0.2,-4.493,Major,0.0523,89.968,4/4,0.79
Blood Under My Belt,The Drums,91,2019,Indie,5Nhsz5O0DIS5Mh5E3tlBbp,51,0.0932,0.595,228147,0.894,0.0165,G,0.2,-4.493,Major,0.0523,89.968,4/4,0.79
Omaha,Toro y Moi,91,2019,Alternative,4vDQMtAXkPwRxEqM8oXtMQ,53,0.0645,0.618,196791,0.498,0.0301,D#,0.291,-8.29,Major,0.0259,80.055,4/4,0.818
Omaha,Toro y Moi,91,2019,Dance,4vDQMtAXkPwRxEqM8oXtMQ,57,0.0645,0.618,196791,0.498,0.0301,D#,0.291,-8.29,Major,0.0259,80.055,4/4,0.818
Omaha,Toro y Moi,91,2019,Folk,4vDQMtAXkPwRxEqM8oXtMQ,57,0.0645,0.618,196791,0.498,0.0301,D#,0.291,-8.29,Major,0.0259,80.055,4/4,0.818
Omaha,Toro y Moi,91,2019,R&B,4vDQMtAXkPwRxEqM8oXtMQ,57,0.0645,0.618,196791,0.498,0.0301,D#,0.291,-8.29,Major,0.0259,80.055,4/4,0.818
Omaha,Toro y Moi,91,2019,Children’s Music,4vDQMtAXkPwRxEqM8oXtMQ,57,0.0645,0.618,196791,0.498,0.0301,D#,0.291,-8.29,Major,0.0259,80.055,4/4,0.818
Omaha,Toro y Moi,91,2019,Indie,4vDQMtAXkPwRxEqM8oXtMQ,57,0.0645,0.618,196791,0.498,0.0301,D#,0.291,-8.29,Major,0.0259,80.055,4/4,0.818
Omaha,Toro y Moi,91,2019,Rock,4vDQMtAXkPwRxEqM8oXtMQ,57,0.0645,0.618,196791,0.498,0.0301,D#,0.291,-8.29,Major,0.0259,80.055,4/4,0.818
Maud Gone,Car Seat Headrest,90,2019,Alternative,1WbLKgeGt4Ilo74WTByV6r,47,0.0258,0.53,358240,0.362,0.000601,F,0.101,-7.078,Major,0.0272,105.003,4/4,0.21
Maud Gone,Car Seat Headrest,90,2019,Folk,1WbLKgeGt4Ilo74WTByV6r,52,0.0258,0.53,358240,0.362,0.000601,F,0.101,-7.078,Major,0.0272,105.003,4/4,0.21
Maud Gone,Car Seat Headrest,90,2019,Indie,1WbLKgeGt4Ilo74WTByV6r,52,0.0258,0.53,358240,0.362,0.000601,F,0.101,-7.078,Major,0.0272,105.003,4/4,0.21
Perdido de Amor [Lost in Love],Luiz Bonfá,145,2020,Jazz,4xvpttkjjEH0l2hrizYla7,41,0.947,0.488,206067,0.0374,0.000191,G,0.147,-22.637,Major,0.0403,87.275,4/4,0.259
Foolsong,Still Woozy,139,2020,Alternative,2iyDTStpAS9b3BOpTJKREn,58,0.178,0.692,173167,0.478,0.012,F#,0.105,-11.444,Major,0.0502,150.831,4/4,0.592
Mile High (feat. Travis Scott & Metro Boomin),James Blake,131,2020,Alternative,4cQrSREMqBSvJ8ZzBZjVb8,67,0.403,0.754,193600,0.37,6.22e-05,F#,0.107,-9.854,Minor,0.12,114.941,4/4,0.228
Mile High (feat. Travis Scott & Metro Boomin),James Blake,131,2020,Indie,4cQrSREMqBSvJ8ZzBZjVb8,79,0.403,0.754,193600,0.37,6.22e-05,F#,0.107,-9.854,Minor,0.12,114.941,4/4,0.228
Mile High (feat. Travis Scott & Metro Boomin),James Blake,131,2020,R&B,4cQrSREMqBSvJ8ZzBZjVb8,79,0.403,0.754,193600,0.37,6.22e-05,F#,0.107,-9.854,Minor,0.12,114.941,4/4,0.228
Soledad y el Mar (feat. Los Macorinos),Natalia Lafourcade,130,2020,Alternative,1Xtz05nIgJiEYdncfd1w8h,55,0.896,0.726,214547,0.177,2.14e-06,C#,0.116,-14.824,Minor,0.0353,92.934,4/4,0.618
Soledad y el Mar (feat. Los Macorinos),Natalia Lafourcade,130,2020,Children’s Music,1Xtz05nIgJiEYdncfd1w8h,59,0.896,0.726,214547,0.177,2.14e-06,C#,0.116,-14.824,Minor,0.0353,92.934,4/4,0.618
Soledad y el Mar (feat. Los Macorinos),Natalia Lafourcade,130,2020,Rock,1Xtz05nIgJiEYdncfd1w8h,60,0.896,0.726,214547,0.177,2.14e-06,C#,0.116,-14.824,Minor,0.0353,92.934,4/4,0.618
Floors,Abhi The Nomad,119,2020,Hip-Hop,09b4z1eaxWhJ8D1iVWbX4A,51,0.513,0.613,210341,0.857,0.00105,D,0.268,-7.003,Major,0.0476,131.962,4/4,0.32
Floors,Abhi The Nomad,119,2020,Soul,09b4z1eaxWhJ8D1iVWbX4A,51,0.513,0.613,210341,0.857,0.00105,D,0.268,-7.003,Major,0.0476,131.962,4/4,0.32
The Bad Thing,Arctic Monkeys,118,2020,Indie,48ucaKjccruxDbi3Au5ZaH,46,0.00118,0.545,143213,0.953,0.0,D,0.26,-3.737,Major,0.0703,111.121,4/4,0.591
I'll Come Too,James Blake,115,2020,Alternative,6EvUAsfncetT0RcWshHCbl,57,0.757,0.661,222400,0.472,0.00275,G,0.192,-7.889,Major,0.164,73.986,4/4,0.206
I'll Come Too,James Blake,115,2020,Indie,6EvUAsfncetT0RcWshHCbl,68,0.757,0.661,222400,0.472,0.00275,G,0.192,-7.889,Major,0.164,73.986,4/4,0.206
I'll Come Too,James Blake,115,2020,R&B,6EvUAsfncetT0RcWshHCbl,68,0.757,0.661,222400,0.472,0.00275,G,0.192,-7.889,Major,0.164,73.986,4/4,0.206
Anyways,Arctic Monkeys,109,2020,Indie,4PGWramunj3Bsz5UXCu4ex,60,0.529,0.284,221230,0.576,3.91e-05,E,0.187,-6.972,Major,0.035,82.527,4/4,0.323
Anyways,Arctic Monkeys,109,2020,Rock,4PGWramunj3Bsz5UXCu4ex,60,0.529,0.284,221230,0.576,3.91e-05,E,0.187,-6.972,Major,0.035,82.527,4/4,0.323
L.S.D,Skegss,106,2020,Indie,6y6GFyjVFwWI7lJbbbF0hU,60,0.546,0.63,217538,0.874,0.661,C#,0.281,-4.183,Minor,0.0425,135.973,4/4,0.747
Always Where I Need To Be,The Kooks,100,2020,Indie,6gGSSrKMiV2yec1DrqGhhy,58,0.000146,0.331,161720,0.961,0.0,B,0.322,-4.627,Major,0.0663,168.355,4/4,0.882
Always Where I Need To Be,The Kooks,100,2020,Rock,6gGSSrKMiV2yec1DrqGhhy,58,0.000146,0.331,161720,0.961,0.0,B,0.322,-4.627,Major,0.0663,168.355,4/4,0.882
No. 1 Party Anthem,Arctic Monkeys,94,2020,Indie,5TTGoX70AFrTvuEtqHK37S,67,0.33,0.505,243132,0.698,0.0887,C,0.0966,-5.563,Major,0.0297,115.013,4/4,0.599
No. 1 Party Anthem,Arctic Monkeys,94,2020,Rock,5TTGoX70AFrTvuEtqHK37S,67,0.33,0.505,243132,0.698,0.0887,C,0.0966,-5.563,Major,0.0297,115.013,4/4,0.599
Wavy Gravy,Okey Dokey,92,2020,Indie,26XfDH9AoT6dVpmKVJHBMf,47,0.252,0.221,227280,0.662,0.000149,G,0.266,-7.314,Major,0.0519,199.924,3/4,0.539
No Buses,Arctic Monkeys,92,2020,Indie,4bKpnMKt2vBOQ1wZHGEJJO,51,0.155,0.481,197320,0.524,0.000147,E,0.0523,-9.051,Major,0.0369,101.883,4/4,0.425
No Buses,Arctic Monkeys,92,2020,Rock,4bKpnMKt2vBOQ1wZHGEJJO,51,0.155,0.481,197320,0.524,0.000147,E,0.0523,-9.051,Major,0.0369,101.883,4/4,0.425
Arabella,Arctic Monkeys,92,2020,Indie,7nzsY8vlnKdvGOEE0rjAXZ,74,0.0202,0.579,207357,0.558,1.26e-06,D,0.212,-6.986,Major,0.0895,179.949,4/4,0.506
Arabella,Arctic Monkeys,92,2020,Rock,7nzsY8vlnKdvGOEE0rjAXZ,74,0.0202,0.579,207357,0.558,1.26e-06,D,0.212,-6.986,Major,0.0895,179.949,4/4,0.506
These Girls,Sticky Fingers,90,2020,Indie,4iURgDfsolmCJtknzWuyxj,66,0.327,0.358,205787,0.585,2e-06,F#,0.0864,-8.762,Major,0.0776,185.392,4/4,0.407
These Girls,Sticky Fingers,90,2020,Reggae,4iURgDfsolmCJtknzWuyxj,66,0.327,0.358,205787,0.585,2e-06,F#,0.0864,-8.762,Major,0.0776,185.392,4/4,0.407
Assume Form,James Blake,85,2020,R&B,6cJrQc34txUzXd90xWEAOh,65,0.886,0.413,289600,0.349,0.000195,E,0.091,-10.361,Minor,0.0628,139.274,4/4,0.148
Assume Form,James Blake,85,2020,Alternative,6cJrQc34txUzXd90xWEAOh,48,0.886,0.413,289600,0.349,0.000195,E,0.091,-10.361,Minor,0.0628,139.274,4/4,0.148
Assume Form,James Blake,85,2020,Indie,6cJrQc34txUzXd90xWEAOh,65,0.886,0.413,289600,0.349,0.000195,E,0.091,-10.361,Minor,0.0628,139.274,4/4,0.148
Do I Wanna Know?,Arctic Monkeys,82,2020,Indie,5FVd6KXrgO9B3JPmC8OPst,84,0.186,0.548,272394,0.532,0.000263,F,0.217,-7.596,Major,0.0323,85.03,4/4,0.405
Do I Wanna Know?,Arctic Monkeys,82,2020,Rock,5FVd6KXrgO9B3JPmC8OPst,84,0.186,0.548,272394,0.532,0.000263,F,0.217,-7.596,Major,0.0323,85.03,4/4,0.405
Still Take You Home,Arctic Monkeys,81,2020,Indie,28J7s6ylqLYzBUTBSUyEjm,47,0.000669,0.599,173667,0.946,0.0,G#,0.0973,-4.192,Major,0.0378,108.934,4/4,0.653
Can't Stand Me Now,The Libertines,81,2020,Dance,71D4LseR0RADPbyvMeTIHR,65,0.0111,0.368,203733,0.935,0.00201,E,0.0948,-3.204,Major,0.0587,164.425,4/4,0.558
Can't Stand Me Now,The Libertines,81,2020,Children’s Music,71D4LseR0RADPbyvMeTIHR,65,0.0111,0.368,203733,0.935,0.00201,E,0.0948,-3.204,Major,0.0587,164.425,4/4,0.558
Can't Stand Me Now,The Libertines,81,2020,Indie,71D4LseR0RADPbyvMeTIHR,66,0.0111,0.368,203733,0.935,0.00201,E,0.0948,-3.204,Major,0.0587,164.425,4/4,0.558
Can't Stand Me Now,The Libertines,81,2020,Rock,71D4LseR0RADPbyvMeTIHR,66,0.0111,0.368,203733,0.935,0.00201,E,0.0948,-3.204,Major,0.0587,164.425,4/4,0.558
Eres Tú,Carla Morrison,80,2020,Pop,2dEVAvwPAJrWFErXxREGVX,69,0.806,0.618,228253,0.307,0.0,D,0.108,-10.875,Major,0.046,188.115,4/4,0.458
Wash It All Away,San Cisco,78,2020,Indie,4e5VTQOYAarg46eociDvZZ,51,0.362,0.608,218774,0.748,0.0,D,0.106,-5.277,Major,0.0661,76.913,4/4,0.619
The Eternal Tao,The Voidz,78,2020,Alternative,1NGodWzGlxxkOrgqHO6g3K,48,0.0115,0.703,223633,0.79,9.59e-06,G#,0.352,-4.212,Major,0.0807,135.362,4/4,0.635
Nevermind,Dennis Lloyd,76,2020,Pop,63SevszngYpZOwf63o61K4,84,0.156,0.592,156600,0.691,9.78e-06,D#,0.418,-8.354,Major,0.196,99.976,4/4,0.0796
Como te extraño mi amor,Café Tacvba,74,2020,Alternative,6hFHsQWB7HdVrSe7efRR82,67,0.0823,0.791,214880,0.759,4.44e-05,A,0.0993,-5.67,Major,0.037,124.725,4/4,0.917
Como te extraño mi amor,Café Tacvba,74,2020,Children’s Music,6hFHsQWB7HdVrSe7efRR82,70,0.0823,0.791,214880,0.759,4.44e-05,A,0.0993,-5.67,Major,0.037,124.725,4/4,0.917
Como te extraño mi amor,Café Tacvba,74,2020,Rock,6hFHsQWB7HdVrSe7efRR82,70,0.0823,0.791,214880,0.759,4.44e-05,A,0.0993,-5.67,Major,0.037,124.725,4/4,0.917
What I'm Becoming,Cage The Elephant,72,2020,Blues,1U5dJjrL6yq7IH6keAyWOe,52,0.00366,0.57,230040,0.472,0.00275,C,0.0891,-5.175,Major,0.0285,134.974,4/4,0.219
Night Ride,The Growlers,72,2020,Indie,2ZQ3CJY6iddn38oOoPGKfb,61,0.0136,0.613,251375,0.724,0.0,A,0.12,-4.798,Minor,0.0305,110.076,4/4,0.626
Night Ride,The Growlers,72,2020,Rock,2ZQ3CJY6iddn38oOoPGKfb,61,0.0136,0.613,251375,0.724,0.0,A,0.12,-4.798,Minor,0.0305,110.076,4/4,0.626
Leave It In My Dreams,The Voidz,71,2020,Alternative,31u6rUeIEXGrYVoh10U7eu,53,0.0226,0.6,239442,0.746,0.0119,E,0.109,-4.696,Minor,0.0355,118.551,4/4,0.614
Do You Love Me Still?,The Kooks,71,2020,Indie,1S9VJIS4unNB2D6SEf4BbD,46,0.218,0.408,195307,0.412,0.000514,C#,0.17,-8.807,Minor,0.0386,138.178,4/4,0.0804
Clouds,BØRNS,234,2021,Indie,03v70ZBxmcPX3RWAZMzqaW,58,0.194,0.644,190253,0.478,0.00376,B,0.106,-6.469,Major,0.0529,159.898,4/4,0.496
Clouds,BØRNS,234,2021,Children’s Music,03v70ZBxmcPX3RWAZMzqaW,58,0.194,0.644,190253,0.478,0.00376,B,0.106,-6.469,Major,0.0529,159.898,4/4,0.496
Clouds,BØRNS,234,2021,Pop,03v70ZBxmcPX3RWAZMzqaW,58,0.194,0.644,190253,0.478,0.00376,B,0.106,-6.469,Major,0.0529,159.898,4/4,0.496
Clouds,BØRNS,234,2021,Rock,03v70ZBxmcPX3RWAZMzqaW,58,0.194,0.644,190253,0.478,0.00376,B,0.106,-6.469,Major,0.0529,159.898,4/4,0.496
Coming Home,Leon Bridges,157,2021,Blues,5EA06TsQmqmQXZiEhr1AaM,64,0.461,0.427,206387,0.465,5.52e-05,F#,0.154,-6.595,Major,0.0291,112.137,3/4,0.458
Coming Home,Leon Bridges,157,2021,Soul,5EA06TsQmqmQXZiEhr1AaM,69,0.461,0.427,206387,0.465,5.52e-05,F#,0.154,-6.595,Major,0.0291,112.137,3/4,0.458
Road Head,Japanese Breakfast,147,2021,Folk,6WVheb5G29cbDOzF4qMfli,60,0.0978,0.54,195107,0.674,0.156,E,0.147,-8.734,Major,0.0296,95.036,4/4,0.165
Road Head,Japanese Breakfast,147,2021,Indie,6WVheb5G29cbDOzF4qMfli,60,0.0978,0.54,195107,0.674,0.156,E,0.147,-8.734,Major,0.0296,95.036,4/4,0.165
Road Head,Japanese Breakfast,147,2021,Pop,6WVheb5G29cbDOzF4qMfli,60,0.0978,0.54,195107,0.674,0.156,E,0.147,-8.734,Major,0.0296,95.036,4/4,0.165
Road Head,Japanese Breakfast,147,2021,Rock,6WVheb5G29cbDOzF4qMfli,60,0.0978,0.54,195107,0.674,0.156,E,0.147,-8.734,Major,0.0296,95.036,4/4,0.165
Better Man,Leon Bridges,139,2021,Blues,3kguMbJma0qhOLniGsFlKq,56,0.219,0.395,140133,0.746,0.0,G,0.123,-4.938,Major,0.0447,188.267,4/4,0.671
Better Man,Leon Bridges,139,2021,Soul,3kguMbJma0qhOLniGsFlKq,60,0.219,0.395,140133,0.746,0.0,G,0.123,-4.938,Major,0.0447,188.267,4/4,0.671
Fade Into You,Mazzy Star,119,2021,Alternative,1LzNfuep1bnAUR9skqdHCK,69,0.245,0.42,295600,0.33,0.000679,A,0.0677,-13.925,Major,0.0275,157.143,3/4,0.175
Fade Into You,Mazzy Star,119,2021,Children’s Music,1LzNfuep1bnAUR9skqdHCK,72,0.245,0.42,295600,0.33,0.000679,A,0.0677,-13.925,Major,0.0275,157.143,3/4,0.175
Fade Into You,Mazzy Star,119,2021,Pop,1LzNfuep1bnAUR9skqdHCK,72,0.245,0.42,295600,0.33,0.000679,A,0.0677,-13.925,Major,0.0275,157.143,3/4,0.175
Fade Into You,Mazzy Star,119,2021,Rock,1LzNfuep1bnAUR9skqdHCK,72,0.245,0.42,295600,0.33,0.000679,A,0.0677,-13.925,Major,0.0275,157.143,3/4,0.175
Past Lives,BØRNS,117,2021,Children’s Music,1Dr5JexwA15wmKe7Y7maA9,63,0.0664,0.743,274320,0.685,6.75e-05,E,0.0884,-6.863,Major,0.0975,109.988,4/4,0.443
Past Lives,BØRNS,117,2021,Indie,1Dr5JexwA15wmKe7Y7maA9,63,0.0664,0.743,274320,0.685,6.75e-05,E,0.0884,-6.863,Major,0.0975,109.988,4/4,0.443
Past Lives,BØRNS,117,2021,Pop,1Dr5JexwA15wmKe7Y7maA9,63,0.0664,0.743,274320,0.685,6.75e-05,E,0.0884,-6.863,Major,0.0975,109.988,4/4,0.443
Past Lives,BØRNS,117,2021,Rock,1Dr5JexwA15wmKe7Y7maA9,63,0.0664,0.743,274320,0.685,6.75e-05,E,0.0884,-6.863,Major,0.0975,109.988,4/4,0.443
Live Well,Palace,116,2021,Indie,2H30WL3exSctlDC9GyRbD4,57,0.285,0.503,249840,0.647,0.0,E,0.0719,-5.367,Minor,0.0272,96.015,3/4,0.41
Live Well,Palace,116,2021,Soul,2H30WL3exSctlDC9GyRbD4,57,0.285,0.503,249840,0.647,0.0,E,0.0719,-5.367,Minor,0.0272,96.015,3/4,0.41
Live Well,Palace,116,2021,Rock,2H30WL3exSctlDC9GyRbD4,57,0.285,0.503,249840,0.647,0.0,E,0.0719,-5.367,Minor,0.0272,96.015,3/4,0.41
Lisa Sawyer,Leon Bridges,112,2021,Blues,6vInMsXdlH7SN6NL4dQkrO,48,0.878,0.37,243893,0.434,0.00291,G,0.0995,-7.674,Minor,0.0444,200.23,3/4,0.424
Lisa Sawyer,Leon Bridges,112,2021,Soul,6vInMsXdlH7SN6NL4dQkrO,53,0.878,0.37,243893,0.434,0.00291,G,0.0995,-7.674,Minor,0.0444,200.23,3/4,0.424
Cooks,Still Woozy,99,2021,Alternative,2T64m94VBrsEISkAYq6Cnq,64,0.446,0.363,174105,0.579,0.0127,G,0.264,-10.533,Major,0.0986,78.032,4/4,0.719
Cooks,Still Woozy,99,2021,Children’s Music,2T64m94VBrsEISkAYq6Cnq,68,0.446,0.363,174105,0.579,0.0127,G,0.264,-10.533,Major,0.0986,78.032,4/4,0.719
Cooks,Still Woozy,99,2021,Indie,2T64m94VBrsEISkAYq6Cnq,68,0.446,0.363,174105,0.579,0.0127,G,0.264,-10.533,Major,0.0986,78.032,4/4,0.719
Cooks,Still Woozy,99,2021,Pop,2T64m94VBrsEISkAYq6Cnq,68,0.446,0.363,174105,0.579,0.0127,G,0.264,-10.533,Major,0.0986,78.032,4/4,0.719
Cooks,Still Woozy,99,2021,R&B,2T64m94VBrsEISkAYq6Cnq,68,0.446,0.363,174105,0.579,0.0127,G,0.264,-10.533,Major,0.0986,78.032,4/4,0.719
Cooks,Still Woozy,99,2021,Soul,2T64m94VBrsEISkAYq6Cnq,68,0.446,0.363,174105,0.579,0.0127,G,0.264,-10.533,Major,0.0986,78.032,4/4,0.719
Cooks,Still Woozy,99,2021,Rock,2T64m94VBrsEISkAYq6Cnq,68,0.446,0.363,174105,0.579,0.0127,G,0.264,-10.533,Major,0.0986,78.032,4/4,0.719
12 Steps,Japanese Breakfast,92,2021,Folk,7oHsS6nhOszWh5yUaHVW3d,46,0.0211,0.415,156987,0.713,5.14e-06,G,0.259,-4.403,Major,0.034,115.198,4/4,0.475
12 Steps,Japanese Breakfast,92,2021,Indie,7oHsS6nhOszWh5yUaHVW3d,46,0.0211,0.415,156987,0.713,5.14e-06,G,0.259,-4.403,Major,0.034,115.198,4/4,0.475
1950,King Princess,91,2021,Dance,0CZ8lquoTX2Dkg7Ak2inwA,84,0.648,0.6,225133,0.535,4.7e-06,E,0.162,-7.043,Major,0.107,71.912,4/4,0.269
1950,King Princess,91,2021,Pop,0CZ8lquoTX2Dkg7Ak2inwA,84,0.648,0.6,225133,0.535,4.7e-06,E,0.162,-7.043,Major,0.107,71.912,4/4,0.269
Shut Up Kiss Me,Angel Olsen,90,2021,Alternative,5uZLsGY9fknBd5Rxr7AIss,56,0.0552,0.373,202200,0.63,0.0,G,0.107,-5.131,Major,0.0461,115.942,4/4,0.352
Shut Up Kiss Me,Angel Olsen,90,2021,Folk,5uZLsGY9fknBd5Rxr7AIss,60,0.0552,0.373,202200,0.63,0.0,G,0.107,-5.131,Major,0.0461,115.942,4/4,0.352
Shut Up Kiss Me,Angel Olsen,90,2021,Indie,5uZLsGY9fknBd5Rxr7AIss,60,0.0552,0.373,202200,0.63,0.0,G,0.107,-5.131,Major,0.0461,115.942,4/4,0.352
Shut Up Kiss Me,Angel Olsen,90,2021,Children’s Music,5uZLsGY9fknBd5Rxr7AIss,60,0.0552,0.373,202200,0.63,0.0,G,0.107,-5.131,Major,0.0461,115.942,4/4,0.352
Shut Up Kiss Me,Angel Olsen,90,2021,Pop,5uZLsGY9fknBd5Rxr7AIss,60,0.0552,0.373,202200,0.63,0.0,G,0.107,-5.131,Major,0.0461,115.942,4/4,0.352
Shut Up Kiss Me,Angel Olsen,90,2021,Rock,5uZLsGY9fknBd5Rxr7AIss,60,0.0552,0.373,202200,0.63,0.0,G,0.107,-5.131,Major,0.0461,115.942,4/4,0.352
Almost (Sweet Music),Hozier,86,2021,Folk,2e9N4vHYVUwSwRorBzsZXE,78,0.021,0.427,217480,0.689,1.69e-06,G,0.203,-5.589,Major,0.135,88.875,4/4,0.706
Almost (Sweet Music),Hozier,86,2021,Pop,2e9N4vHYVUwSwRorBzsZXE,78,0.021,0.427,217480,0.689,1.69e-06,G,0.203,-5.589,Major,0.135,88.875,4/4,0.706
Psylla,Glass Animals,85,2021,Children’s Music,4XCpDE4pLTkkQ0kudqBLdS,48,0.088,0.776,211194,0.577,0.000283,E,0.169,-9.232,Major,0.0348,124.487,4/4,0.478
Oom Sha La La,Haley Heynderickx,83,2021,Folk,28kOpVf1aCgL0LSFfuKV4w,58,0.275,0.538,177340,0.417,0.0,D,0.206,-9.176,Major,0.0361,115.422,4/4,0.252
Oom Sha La La,Haley Heynderickx,83,2021,Indie,28kOpVf1aCgL0LSFfuKV4w,58,0.275,0.538,177340,0.417,0.0,D,0.206,-9.176,Major,0.0361,115.422,4/4,0.252
Panama,Sports,81,2021,Indie,6JfqUlQHtbdWDi5o7bp6qd,57,0.298,0.615,198547,0.724,0.459,F,0.211,-8.583,Major,0.0306,97.728,4/4,0.449
Panama,Sports,81,2021,Soul,6JfqUlQHtbdWDi5o7bp6qd,57,0.298,0.615,198547,0.724,0.459,F,0.211,-8.583,Major,0.0306,97.728,4/4,0.449
Panama,Sports,81,2021,Rock,6JfqUlQHtbdWDi5o7bp6qd,57,0.298,0.615,198547,0.724,0.459,F,0.211,-8.583,Major,0.0306,97.728,4/4,0.449
The Waiting,Angel Olsen,246,2022,Folk,1XGwjdHXHNu3842f75eg3T,42,0.72,0.606,222617,0.492,0.0,G,0.125,-8.247,Major,0.0419,108.289,4/4,0.616
Pressure To Party,Julia Jacklin,155,2022,Folk,5Wyy2JHaM8cKEN6YDC6C8O,50,0.000124,0.483,182307,0.81,4.79e-05,E,0.118,-3.949,Major,0.0366,141.906,4/4,0.382
Pressure To Party,Julia Jacklin,155,2022,Indie,5Wyy2JHaM8cKEN6YDC6C8O,50,0.000124,0.483,182307,0.81,4.79e-05,E,0.118,-3.949,Major,0.0366,141.906,4/4,0.382
Caderas Blancas,Mon Laferte,120,2022,Alternative,4BMk6XhlXJW7ZgIS8vSBZk,61,0.244,0.652,225400,0.834,9.25e-06,G#,0.122,-6.072,Minor,0.112,94.999,4/4,0.643
Caderas Blancas,Mon Laferte,120,2022,Children’s Music,4BMk6XhlXJW7ZgIS8vSBZk,64,0.244,0.652,225400,0.834,9.25e-06,G#,0.122,-6.072,Minor,0.112,94.999,4/4,0.643
"Creator, Destroyer",Angel Olsen,117,2022,Folk,4aCnN8VmKVqX4PnSB1Ie07,42,0.846,0.401,234547,0.29,0.0,A#,0.111,-9.052,Minor,0.029,104.626,4/4,0.0849
Leonie,Frankie Cosmos,112,2022,Folk,2j93Cfy31KyjNwy2zRyn1I,49,0.398,0.472,146662,0.457,0.000305,B,0.105,-7.787,Major,0.0332,123.786,4/4,0.321
Leonie,Frankie Cosmos,112,2022,Indie,2j93Cfy31KyjNwy2zRyn1I,49,0.398,0.472,146662,0.457,0.000305,B,0.105,-7.787,Major,0.0332,123.786,4/4,0.321
Island Music,Tennis,109,2022,Folk,3BlsMrQVvRCk3jmmKV7otm,42,0.956,0.29,219213,0.465,0.912,B,0.0935,-18.178,Minor,0.164,97.711,4/4,0.307
Some things Cosmic,Angel Olsen,100,2022,Folk,5JeZZtqY0loM9UHQVIChby,41,0.919,0.214,174867,0.182,0.00465,G#,0.113,-13.538,Major,0.0368,143.171,4/4,0.104
Origins,Tennis,96,2022,Folk,6TJAFFa2VaRdFB5UA4BJRt,46,0.0463,0.578,208139,0.825,0.0201,F,0.162,-4.659,Minor,0.0284,113.907,4/4,0.951
Origins,Tennis,96,2022,Indie,6TJAFFa2VaRdFB5UA4BJRt,46,0.0463,0.578,208139,0.825,0.0201,F,0.162,-4.659,Minor,0.0284,113.907,4/4,0.951
On the Lips,Frankie Cosmos,92,2022,Folk,6iQsa6hwVFlLUnNvSCFrql,45,0.028,0.658,109031,0.568,0.00356,C#,0.105,-7.579,Major,0.0312,128.638,4/4,0.882
Unfucktheworld,Angel Olsen,88,2022,Alternative,0HaDqyNg9LoZZ7Zli1uhzL,51,0.943,0.545,125440,0.128,0.0225,C,0.0987,-13.163,Major,0.0393,119.044,4/4,0.327
Unfucktheworld,Angel Olsen,88,2022,Folk,0HaDqyNg9LoZZ7Zli1uhzL,57,0.943,0.545,125440,0.128,0.0225,C,0.0987,-13.163,Major,0.0393,119.044,4/4,0.327
Unfucktheworld,Angel Olsen,88,2022,Indie,0HaDqyNg9LoZZ7Zli1uhzL,57,0.943,0.545,125440,0.128,0.0225,C,0.0987,-13.163,Major,0.0393,119.044,4/4,0.327
Unfucktheworld,Angel Olsen,88,2022,Children’s Music,0HaDqyNg9LoZZ7Zli1uhzL,57,0.943,0.545,125440,0.128,0.0225,C,0.0987,-13.163,Major,0.0393,119.044,4/4,0.327
Unfucktheworld,Angel Olsen,88,2022,Rock,0HaDqyNg9LoZZ7Zli1uhzL,57,0.943,0.545,125440,0.128,0.0225,C,0.0987,-13.163,Major,0.0393,119.044,4/4,0.327
"Archie, Marry Me",Alvvays,85,2022,Indie,5HLes17mwCwKt81mi0Tk35,58,0.00956,0.27,196560,0.83,0.434,G,0.142,-4.592,Major,0.0741,117.314,4/4,0.205
"Archie, Marry Me",Alvvays,85,2022,Rock,5HLes17mwCwKt81mi0Tk35,58,0.00956,0.27,196560,0.83,0.434,G,0.142,-4.592,Major,0.0741,117.314,4/4,0.205
Tu Falta De Querer,Mon Laferte,75,2022,Alternative,4skuEIloXWuxxgekKupkEH,69,0.0251,0.394,278547,0.475,0.00749,A#,0.112,-7.935,Major,0.028,129.995,3/4,0.441
Tu Falta De Querer,Mon Laferte,75,2022,Children’s Music,4skuEIloXWuxxgekKupkEH,73,0.0251,0.394,278547,0.475,0.00749,A#,0.112,-7.935,Major,0.028,129.995,3/4,0.441
Tu Falta De Querer,Mon Laferte,75,2022,Pop,4skuEIloXWuxxgekKupkEH,73,0.0251,0.394,278547,0.475,0.00749,A#,0.112,-7.935,Major,0.028,129.995,3/4,0.441
Humdrum Blues,The Growlers,74,2022,Indie,7o92hC8iwDPLz0k2auVWOx,47,0.265,0.586,217111,0.563,0.0,F#,0.391,-8.999,Major,0.0282,124.41,4/4,0.809
Wasn't Looking,ELIZA,74,2022,Alternative,5SFT7iYVPd3eSVphptJ42i,49,0.0904,0.847,238089,0.178,0.00377,F,0.111,-9.834,Minor,0.0812,81.998,4/4,0.513
Wasn't Looking,ELIZA,74,2022,R&B,5SFT7iYVPd3eSVphptJ42i,53,0.0904,0.847,238089,0.178,0.00377,F,0.111,-9.834,Minor,0.0812,81.998,4/4,0.513
Wasn't Looking,ELIZA,74,2022,Children’s Music,5SFT7iYVPd3eSVphptJ42i,53,0.0904,0.847,238089,0.178,0.00377,F,0.111,-9.834,Minor,0.0812,81.998,4/4,0.513
El Beso,Mon Laferte,74,2022,Alternative,3eiXtKo5PAWArBDAw1gkhI,56,0.254,0.732,178640,0.84,1.69e-05,E,0.187,-7.07,Minor,0.115,102.993,4/4,0.717
El Beso,Mon Laferte,74,2022,Children’s Music,655SkamVNObMDXtoN84O4Q,63,0.0959,0.731,179947,0.881,7.92e-06,D,0.172,-4.318,Major,0.136,103.129,4/4,0.612
Dia de Enero,Shakira,72,2022,Dance,0OEBOJhSObnFuHuasXdt52,63,0.35,0.687,173133,0.361,1.11e-05,A#,0.11,-11.589,Major,0.0792,165.747,4/4,0.526
Amor Completo,Mon Laferte,72,2022,Alternative,00kIWJu9IHiQ6i0qJAU0Z9,62,0.664,0.393,241880,0.418,5.46e-05,E,0.108,-8.976,Major,0.0269,175.548,3/4,0.346
Amor Completo,Mon Laferte,72,2022,Children’s Music,00kIWJu9IHiQ6i0qJAU0Z9,66,0.664,0.393,241880,0.418,5.46e-05,E,0.108,-8.976,Major,0.0269,175.548,3/4,0.346
More Of The Same,Caroline Rose,70,2022,Indie,1e2LGT07diSwc7UYnK7txi,52,0.0824,0.731,248791,0.764,3.95e-06,G,0.0725,-4.5,Major,0.028,98.01,4/4,0.638
Too Dark,Frankie Cosmos,70,2022,Folk,6so48MMmpvNnVW0SIJMhiP,51,0.41,0.402,163733,0.388,1.62e-06,B,0.175,-7.412,Major,0.0528,82.782,4/4,0.347
Too Dark,Frankie Cosmos,70,2022,Indie,6so48MMmpvNnVW0SIJMhiP,51,0.41,0.402,163733,0.388,1.62e-06,B,0.175,-7.412,Major,0.0528,82.782,4/4,0.347
Shake Your Lonely,Twin Peaks,68,2022,Indie,71gZOVZcfn2Yp6evM2PdzW,45,0.369,0.457,215688,0.523,0.0691,D,0.312,-7.846,Major,0.0256,150.096,4/4,0.604
Blue Coupe,Twin Peaks,68,2022,Indie,3jw5KrLTxeIzpSvByNsH7F,49,0.261,0.597,222672,0.864,0.0747,F,0.0973,-5.629,Major,0.0271,130.079,4/4,0.55
Soul No. 5,Caroline Rose,65,2022,Indie,5kTfGxslMBLVeapaoeb0ZW,44,4.66e-05,0.453,189949,0.803,0.0655,D,0.0674,-4.768,Major,0.0445,159.571,4/4,0.385
Primaveral,Mon Laferte,63,2022,Alternative,1gQxoBZiyLK5hRLLoBg89x,54,0.286,0.629,231653,0.645,0.128,F,0.102,-5.412,Major,0.0237,99.99,4/4,0.547
Primaveral,Mon Laferte,63,2022,Children’s Music,1gQxoBZiyLK5hRLLoBg89x,59,0.286,0.629,231653,0.645,0.128,F,0.102,-5.412,Major,0.0237,99.99,4/4,0.547
Cola,Arlo Parks,60,2022,Alternative,0i6c86ntKJoZpKk8aCHL3c,51,0.198,0.814,229685,0.742,9.83e-05,E,0.0899,-10.52,Minor,0.24,75.451,4/4,0.587
Cola,Arlo Parks,60,2022,R&B,0i6c86ntKJoZpKk8aCHL3c,49,0.198,0.814,229685,0.742,9.83e-05,E,0.0899,-10.52,Minor,0.24,75.451,4/4,0.587
Shut Up Kiss Me,Angel Olsen,60,2022,Alternative,5uZLsGY9fknBd5Rxr7AIss,56,0.0552,0.373,202200,0.63,0.0,G,0.107,-5.131,Major,0.0461,115.942,4/4,0.352
Shut Up Kiss Me,Angel Olsen,60,2022,Folk,5uZLsGY9fknBd5Rxr7AIss,60,0.0552,0.373,202200,0.63,0.0,G,0.107,-5.131,Major,0.0461,115.942,4/4,0.352
Shut Up Kiss Me,Angel Olsen,60,2022,Indie,5uZLsGY9fknBd5Rxr7AIss,60,0.0552,0.373,202200,0.63,0.0,G,0.107,-5.131,Major,0.0461,115.942,4/4,0.352
Shut Up Kiss Me,Angel Olsen,60,2022,Children’s Music,5uZLsGY9fknBd5Rxr7AIss,60,0.0552,0.373,202200,0.63,0.0,G,0.107,-5.131,Major,0.0461,115.942,4/4,0.352
Shut Up Kiss Me,Angel Olsen,60,2022,Pop,5uZLsGY9fknBd5Rxr7AIss,60,0.0552,0.373,202200,0.63,0.0,G,0.107,-5.131,Major,0.0461,115.942,4/4,0.352
Shut Up Kiss Me,Angel Olsen,60,2022,Rock,5uZLsGY9fknBd5Rxr7AIss,60,0.0552,0.373,202200,0.63,0.0,G,0.107,-5.131,Major,0.0461,115.942,4/4,0.352
Por Qué Me Fui A Enamorar De Ti,Mon Laferte,57,2022,Children’s Music,41Mv0guZCXRNI8hVMUQQVK,54,0.0861,0.659,260707,0.786,4.7e-06,G,0.235,-5.326,Major,0.0431,94.956,4/4,0.534
Avant Gardener,Courtney Barnett,56,2022,Folk,3LueS3mbuB1yaJNN0Ale6U,53,0.00149,0.443,312227,0.737,0.0032,C,0.121,-4.509,Major,0.0293,115.277,4/4,0.746
Intern,Angel Olsen,93,2023,Folk,5zkLEeNpJzyXW2CIdUWfKY,47,0.151,0.213,166720,0.185,0.0,G,0.0753,-9.263,Major,0.0319,84.508,4/4,0.317
Run Right Back,The Black Keys,78,2023,Alternative,5HgAZuHFAU5qLLMYuIQkgq,53,0.03,0.511,197000,0.766,0.00752,D,0.221,-5.445,Minor,0.0473,79.963,4/4,0.632
Run Right Back,The Black Keys,78,2023,Blues,5HgAZuHFAU5qLLMYuIQkgq,53,0.03,0.511,197000,0.766,0.00752,D,0.221,-5.445,Minor,0.0473,79.963,4/4,0.632
Run Right Back,The Black Keys,78,2023,Children’s Music,5HgAZuHFAU5qLLMYuIQkgq,54,0.03,0.511,197000,0.766,0.00752,D,0.221,-5.445,Minor,0.0473,79.963,4/4,0.632
Run Right Back,The Black Keys,78,2023,Indie,5HgAZuHFAU5qLLMYuIQkgq,56,0.03,0.511,197000,0.766,0.00752,D,0.221,-5.445,Minor,0.0473,79.963,4/4,0.632
Run Right Back,The Black Keys,78,2023,Rock,5HgAZuHFAU5qLLMYuIQkgq,56,0.03,0.511,197000,0.766,0.00752,D,0.221,-5.445,Minor,0.0473,79.963,4/4,0.632
Dearest,The Black Keys,75,2023,Blues,32lewphnrnKx7lgsanoakd,39,0.4,0.7,124920,0.248,0.00513,F#,0.121,-13.922,Major,0.104,103.671,4/4,0.53
Making Breakfast,Twin Peaks,72,2023,Indie,5HjqXQPZi27d92H5gCo1Oq,49,0.000267,0.495,132669,0.782,0.736,A,0.54,-4.694,Major,0.0315,116.114,4/4,0.451
Making Breakfast,Twin Peaks,72,2023,Rock,5HjqXQPZi27d92H5gCo1Oq,49,0.000267,0.495,132669,0.782,0.736,A,0.54,-4.694,Major,0.0315,116.114,4/4,0.451
Last Nite,The Strokes,70,2023,Alternative,3SUusuA9jH1v6PVwtYMbdv,65,0.0223,0.624,193373,0.899,0.000155,C,0.0975,-5.71,Major,0.0295,104.055,4/4,0.797
Last Nite,The Strokes,70,2023,Children’s Music,3SUusuA9jH1v6PVwtYMbdv,70,0.0223,0.624,193373,0.899,0.000155,C,0.0975,-5.71,Major,0.0295,104.055,4/4,0.797
Last Nite,The Strokes,70,2023,Indie,3SUusuA9jH1v6PVwtYMbdv,70,0.0223,0.624,193373,0.899,0.000155,C,0.0975,-5.71,Major,0.0295,104.055,4/4,0.797
Last Nite,The Strokes,70,2023,Rock,3SUusuA9jH1v6PVwtYMbdv,70,0.0223,0.624,193373,0.899,0.000155,C,0.0975,-5.71,Major,0.0295,104.055,4/4,0.797
Sure Don't Miss You,The Dip,70,2023,Soul,4afpgzmy9O1JB3Vovb3qb0,62,0.334,0.664,174520,0.586,2.96e-06,E,0.16,-7.985,Minor,0.0283,102.991,4/4,0.727
In the Aeroplane Over the Sea,Neutral Milk Hotel,68,2023,Alternative,4OciRObYGzPzlU40U7YRc8,61,0.395,0.275,202347,0.714,0.0,G,0.115,-5.124,Major,0.0328,94.082,3/4,0.242
In the Aeroplane Over the Sea,Neutral Milk Hotel,68,2023,Folk,4OciRObYGzPzlU40U7YRc8,66,0.395,0.275,202347,0.714,0.0,G,0.115,-5.124,Major,0.0328,94.082,3/4,0.242
In the Aeroplane Over the Sea,Neutral Milk Hotel,68,2023,Children’s Music,4OciRObYGzPzlU40U7YRc8,66,0.395,0.275,202347,0.714,0.0,G,0.115,-5.124,Major,0.0328,94.082,3/4,0.242
In the Aeroplane Over the Sea,Neutral Milk Hotel,68,2023,Indie,4OciRObYGzPzlU40U7YRc8,66,0.395,0.275,202347,0.714,0.0,G,0.115,-5.124,Major,0.0328,94.082,3/4,0.242
In the Aeroplane Over the Sea,Neutral Milk Hotel,68,2023,Pop,4OciRObYGzPzlU40U7YRc8,66,0.395,0.275,202347,0.714,0.0,G,0.115,-5.124,Major,0.0328,94.082,3/4,0.242
In the Aeroplane Over the Sea,Neutral Milk Hotel,68,2023,Rock,4OciRObYGzPzlU40U7YRc8,66,0.395,0.275,202347,0.714,0.0,G,0.115,-5.124,Major,0.0328,94.082,3/4,0.242
Lightning Bolt,Jake Bugg,66,2023,Indie,79DO6dBi8936P6EShLB209,60,0.0818,0.551,144013,0.839,0.0,A,0.151,-4.555,Major,0.0787,116.051,4/4,0.681
The Go Getter,The Black Keys,63,2023,Alternative,3Wwd0W89C56cCRilh8HFNs,43,0.159,0.646,216947,0.719,0.000432,C#,0.0758,-7.192,Major,0.0685,160.008,4/4,0.71
The Go Getter,The Black Keys,63,2023,Blues,3Wwd0W89C56cCRilh8HFNs,43,0.159,0.646,216947,0.719,0.000432,C#,0.0758,-7.192,Major,0.0685,160.008,4/4,0.71
The Go Getter,The Black Keys,63,2023,Rock,3Wwd0W89C56cCRilh8HFNs,46,0.159,0.646,216947,0.719,0.000432,C#,0.0758,-7.192,Major,0.0685,160.008,4/4,0.71
Hungry Eyes,Eric Carmen,63,2023,Folk,31H6au3jhblhr6MMJiXnCq,73,0.011,0.712,251067,0.549,0.0,F,0.118,-9.484,Major,0.0254,109.882,4/4,0.552
Hungry Eyes,Eric Carmen,63,2023,Pop,31H6au3jhblhr6MMJiXnCq,73,0.011,0.712,251067,0.549,0.0,F,0.118,-9.484,Major,0.0254,109.882,4/4,0.552
Hungry Eyes,Eric Carmen,63,2023,Rock,31H6au3jhblhr6MMJiXnCq,73,0.011,0.712,251067,0.549,0.0,F,0.118,-9.484,Major,0.0254,109.882,4/4,0.552
Shut Up Kiss Me,Angel Olsen,63,2023,Alternative,5uZLsGY9fknBd5Rxr7AIss,56,0.0552,0.373,202200,0.63,0.0,G,0.107,-5.131,Major,0.0461,115.942,4/4,0.352
Shut Up Kiss Me,Angel Olsen,63,2023,Folk,5uZLsGY9fknBd5Rxr7AIss,60,0.0552,0.373,202200,0.63,0.0,G,0.107,-5.131,Major,0.0461,115.942,4/4,0.352
Shut Up Kiss Me,Angel Olsen,63,2023,Indie,5uZLsGY9fknBd5Rxr7AIss,60,0.0552,0.373,202200,0.63,0.0,G,0.107,-5.131,Major,0.0461,115.942,4/4,0.352
Shut Up Kiss Me,Angel Olsen,63,2023,Children’s Music,5uZLsGY9fknBd5Rxr7AIss,60,0.0552,0.373,202200,0.63,0.0,G,0.107,-5.131,Major,0.0461,115.942,4/4,0.352
Shut Up Kiss Me,Angel Olsen,63,2023,Pop,5uZLsGY9fknBd5Rxr7AIss,60,0.0552,0.373,202200,0.63,0.0,G,0.107,-5.131,Major,0.0461,115.942,4/4,0.352
Shut Up Kiss Me,Angel Olsen,63,2023,Rock,5uZLsGY9fknBd5Rxr7AIss,60,0.0552,0.373,202200,0.63,0.0,G,0.107,-5.131,Major,0.0461,115.942,4/4,0.352
Lucy,Still Woozy,63,2023,Alternative,0nXyCNdS6fkZNP11DwGq1i,64,0.385,0.649,142500,0.535,0.000422,F#,0.12,-12.017,Minor,0.224,84.466,4/4,0.843
Lucy,Still Woozy,63,2023,Children’s Music,0nXyCNdS6fkZNP11DwGq1i,67,0.385,0.649,142500,0.535,0.000422,F#,0.12,-12.017,Minor,0.224,84.466,4/4,0.843
Lucy,Still Woozy,63,2023,Indie,0nXyCNdS6fkZNP11DwGq1i,68,0.385,0.649,142500,0.535,0.000422,F#,0.12,-12.017,Minor,0.224,84.466,4/4,0.843
Lucy,Still Woozy,63,2023,Pop,0nXyCNdS6fkZNP11DwGq1i,68,0.385,0.649,142500,0.535,0.000422,F#,0.12,-12.017,Minor,0.224,84.466,4/4,0.843
Lucy,Still Woozy,63,2023,R&B,0nXyCNdS6fkZNP11DwGq1i,68,0.385,0.649,142500,0.535,0.000422,F#,0.12,-12.017,Minor,0.224,84.466,4/4,0.843
Lucy,Still Woozy,63,2023,Soul,0nXyCNdS6fkZNP11DwGq1i,68,0.385,0.649,142500,0.535,0.000422,F#,0.12,-12.017,Minor,0.224,84.466,4/4,0.843
Lucy,Still Woozy,63,2023,Rock,0nXyCNdS6fkZNP11DwGq1i,68,0.385,0.649,142500,0.535,0.000422,F#,0.12,-12.017,Minor,0.224,84.466,4/4,0.843
Brianstorm,Arctic Monkeys,62,2023,Indie,5rTIpPWeO0IL4HWlGWrz5G,55,8.39e-05,0.421,170253,0.98,0.00125,C#,0.237,-4.229,Major,0.212,165.193,4/4,0.435
Brianstorm,Arctic Monkeys,62,2023,Rock,5rTIpPWeO0IL4HWlGWrz5G,55,8.39e-05,0.421,170253,0.98,0.00125,C#,0.237,-4.229,Major,0.212,165.193,4/4,0.435
Tighten Up,The Black Keys,60,2023,Alternative,2MVwrvjmcdt4MsYYLCYMt8,60,0.00121,0.504,211080,0.705,4.12e-06,F#,0.453,-6.179,Minor,0.0665,108.965,4/4,0.567
Tighten Up,The Black Keys,60,2023,Blues,2MVwrvjmcdt4MsYYLCYMt8,60,0.00121,0.504,211080,0.705,4.12e-06,F#,0.453,-6.179,Minor,0.0665,108.965,4/4,0.567
Tighten Up,The Black Keys,60,2023,Children’s Music,2MVwrvjmcdt4MsYYLCYMt8,63,0.00121,0.504,211080,0.705,4.12e-06,F#,0.453,-6.179,Minor,0.0665,108.965,4/4,0.567
Tighten Up,The Black Keys,60,2023,Indie,2MVwrvjmcdt4MsYYLCYMt8,64,0.00121,0.504,211080,0.705,4.12e-06,F#,0.453,-6.179,Minor,0.0665,108.965,4/4,0.567
Tighten Up,The Black Keys,60,2023,Rock,2MVwrvjmcdt4MsYYLCYMt8,64,0.00121,0.504,211080,0.705,4.12e-06,F#,0.453,-6.179,Minor,0.0665,108.965,4/4,0.567
I'll Be Around,The Growlers,59,2023,Indie,0JxNCIvcLphN1oAafpvDWW,57,0.000833,0.475,287086,0.899,1.1e-06,C#,0.19,-3.347,Minor,0.056,92.101,4/4,0.911
I'll Be Around,The Growlers,59,2023,Rock,0JxNCIvcLphN1oAafpvDWW,57,0.000833,0.475,287086,0.899,1.1e-06,C#,0.19,-3.347,Minor,0.056,92.101,4/4,0.911
The Only One,The Black Keys,59,2023,Alternative,3QHA3SBpz2SDEpI1HuMT0e,48,0.693,0.434,300347,0.653,0.0421,C#,0.177,-6.969,Minor,0.0324,105.09,4/4,0.625
Shark Smile - Edit,Big Thief,99,2024,Folk,4rCrSoFxqRFmnHQyFGlkbA,59,0.0769,0.688,194760,0.737,0.641,F#,0.114,-9.31,Minor,0.0678,131.042,4/4,0.666
Shark Smile - Edit,Big Thief,99,2024,Indie,4rCrSoFxqRFmnHQyFGlkbA,59,0.0769,0.688,194760,0.737,0.641,F#,0.114,-9.31,Minor,0.0678,131.042,4/4,0.666
Shark Smile - Edit,Big Thief,99,2024,Pop,4rCrSoFxqRFmnHQyFGlkbA,59,0.0769,0.688,194760,0.737,0.641,F#,0.114,-9.31,Minor,0.0678,131.042,4/4,0.666
Shark Smile - Edit,Big Thief,99,2024,Rock,4rCrSoFxqRFmnHQyFGlkbA,59,0.0769,0.688,194760,0.737,0.641,F#,0.114,-9.31,Minor,0.0678,131.042,4/4,0.666
Last Nite,The Strokes,82,2024,Alternative,3SUusuA9jH1v6PVwtYMbdv,65,0.0223,0.624,193373,0.899,0.000155,C,0.0975,-5.71,Major,0.0295,104.055,4/4,0.797
Last Nite,The Strokes,82,2024,Children’s Music,3SUusuA9jH1v6PVwtYMbdv,70,0.0223,0.624,193373,0.899,0.000155,C,0.0975,-5.71,Major,0.0295,104.055,4/4,0.797
Last Nite,The Strokes,82,2024,Indie,3SUusuA9jH1v6PVwtYMbdv,70,0.0223,0.624,193373,0.899,0.000155,C,0.0975,-5.71,Major,0.0295,104.055,4/4,0.797
Last Nite,The Strokes,82,2024,Rock,3SUusuA9jH1v6PVwtYMbdv,70,0.0223,0.624,193373,0.899,0.000155,C,0.0975,-5.71,Major,0.0295,104.055,4/4,0.797
You're Pretty Good Looking (For a Girl),The White Stripes,73,2024,Blues,5RoHhLs8PAJyaBaDiod85c,37,0.696,0.484,109720,0.852,1.74e-05,B,0.0724,-5.66,Major,0.0524,117.018,4/4,0.876
"Archie, Marry Me",Alvvays,68,2024,Indie,5HLes17mwCwKt81mi0Tk35,58,0.00956,0.27,196560,0.83,0.434,G,0.142,-4.592,Major,0.0741,117.314,4/4,0.205
"Archie, Marry Me",Alvvays,68,2024,Rock,5HLes17mwCwKt81mi0Tk35,58,0.00956,0.27,196560,0.83,0.434,G,0.142,-4.592,Major,0.0741,117.314,4/4,0.205
You've Got To Hide Your Love Away - Remastered 2009,The Beatles,68,2024,Rock,4F1AgKpuFRMLEgtPETVwZk,65,0.207,0.398,129120,0.392,0.0,G,0.102,-9.05,Major,0.0282,184.267,3/4,0.378
Atlas,The Dip,55,2024,Soul,2LaJnsDLMC8q5khgYHVjrd,50,0.301,0.443,227680,0.654,2.25e-05,A#,0.577,-7.021,Major,0.0296,162.03,4/4,0.915
Someday,The Strokes,49,2024,Alternative,7hm4HTk9encxT0LYC0J6oI,65,0.00425,0.538,183440,0.52,0.0,A,0.367,-7.46,Major,0.0299,106.031,4/4,0.678
Someday,The Strokes,49,2024,Children’s Music,7hm4HTk9encxT0LYC0J6oI,68,0.00425,0.538,183440,0.52,0.0,A,0.367,-7.46,Major,0.0299,106.031,4/4,0.678
Someday,The Strokes,49,2024,Indie,7hm4HTk9encxT0LYC0J6oI,68,0.00425,0.538,183440,0.52,0.0,A,0.367,-7.46,Major,0.0299,106.031,4/4,0.678
Someday,The Strokes,49,2024,Rock,7hm4HTk9encxT0LYC0J6oI,68,0.00425,0.538,183440,0.52,0.0,A,0.367,-7.46,Major,0.0299,106.031,4/4,0.678
Adeline,The Dip,48,2024,Soul,796IKFUy6xJKcJuV4loLrt,53,0.746,0.532,212680,0.573,7.23e-06,E,0.199,-8.48,Major,0.0362,83.759,3/4,0.495
Real Love Baby,Father John Misty,48,2024,Folk,6YDf6QV7QfCEo8O2dbWalK,66,0.0955,0.417,189293,0.687,0.0278,G,0.0989,-6.484,Major,0.0372,204.11,4/4,0.627
Real Love Baby,Father John Misty,48,2024,Indie,6YDf6QV7QfCEo8O2dbWalK,66,0.0955,0.417,189293,0.687,0.0278,G,0.0989,-6.484,Major,0.0372,204.11,4/4,0.627
Real Love Baby,Father John Misty,48,2024,Pop,6YDf6QV7QfCEo8O2dbWalK,66,0.0955,0.417,189293,0.687,0.0278,G,0.0989,-6.484,Major,0.0372,204.11,4/4,0.627
Real Love Baby,Father John Misty,48,2024,Rock,6YDf6QV7QfCEo8O2dbWalK,66,0.0955,0.417,189293,0.687,0.0278,G,0.0989,-6.484,Major,0.0372,204.11,4/4,0.627
Hard To Explain,The Strokes,43,2024,Alternative,0OM9ri37LIbPc9hffwsyb1,57,0.000456,0.408,224333,0.665,0.863,G,0.0888,-6.286,Major,0.0578,82.525,4/4,0.667
Hard To Explain,The Strokes,43,2024,Children’s Music,0OM9ri37LIbPc9hffwsyb1,60,0.000456,0.408,224333,0.665,0.863,G,0.0888,-6.286,Major,0.0578,82.525,4/4,0.667
Hard To Explain,The Strokes,43,2024,Indie,0OM9ri37LIbPc9hffwsyb1,60,0.000456,0.408,224333,0.665,0.863,G,0.0888,-6.286,Major,0.0578,82.525,4/4,0.667
Hard To Explain,The Strokes,43,2024,Rock,0OM9ri37LIbPc9hffwsyb1,60,0.000456,0.408,224333,0.665,0.863,G,0.0888,-6.286,Major,0.0578,82.525,4/4,0.667
Hungry Eyes,Eric Carmen,40,2024,Folk,31H6au3jhblhr6MMJiXnCq,73,0.011,0.712,251067,0.549,0.0,F,0.118,-9.484,Major,0.0254,109.882,4/4,0.552
Hungry Eyes,Eric Carmen,40,2024,Pop,31H6au3jhblhr6MMJiXnCq,73,0.011,0.712,251067,0.549,0.0,F,0.118,-9.484,Major,0.0254,109.882,4/4,0.552
Hungry Eyes,Eric Carmen,40,2024,Rock,31H6au3jhblhr6MMJiXnCq,73,0.011,0.712,251067,0.549,0.0,F,0.118,-9.484,Major,0.0254,109.882,4/4,0.552
House Of My Soul (You Light The Rooms),Langhorne Slim,39,2024,Alternative,7Jd362EXGUF2c2Zk2abVdq,49,0.645,0.548,173280,0.624,0.0086,A#,0.296,-7.444,Major,0.0383,69.446,4/4,0.712
House Of My Soul (You Light The Rooms),Langhorne Slim,39,2024,Folk,7Jd362EXGUF2c2Zk2abVdq,55,0.645,0.548,173280,0.624,0.0086,A#,0.296,-7.444,Major,0.0383,69.446,4/4,0.712
House Of My Soul (You Light The Rooms),Langhorne Slim,39,2024,Indie,7Jd362EXGUF2c2Zk2abVdq,55,0.645,0.548,173280,0.624,0.0086,A#,0.296,-7.444,Major,0.0383,69.446,4/4,0.712
House Of My Soul (You Light The Rooms),Langhorne Slim,39,2024,Children’s Music,7Jd362EXGUF2c2Zk2abVdq,55,0.645,0.548,173280,0.624,0.0086,A#,0.296,-7.444,Major,0.0383,69.446,4/4,0.712
House Of My Soul (You Light The Rooms),Langhorne Slim,39,2024,Country,7Jd362EXGUF2c2Zk2abVdq,55,0.645,0.548,173280,0.624,0.0086,A#,0.296,-7.444,Major,0.0383,69.446,4/4,0.712
Shoegaze,Alabama Shakes,38,2024,Folk,6bktUlLJzsy9CqsdYVB5By,43,0.00544,0.553,179480,0.779,0.614,A,0.18,-5.39,Major,0.0319,117.897,4/4,0.709
Shoegaze,Alabama Shakes,38,2024,Indie,6bktUlLJzsy9CqsdYVB5By,43,0.00544,0.553,179480,0.779,0.614,A,0.18,-5.39,Major,0.0319,117.897,4/4,0.709
Death Letter,The White Stripes,37,2024,Blues,7KstQYdoAhEUwGiAZLBVF5,39,0.196,0.432,269947,0.896,0.589,D#,0.28,-6.419,Minor,0.0336,94.506,4/4,0.799
Big Toe,The Growlers,36,2024,Indie,7qHBtTdpBLRUQGQxshfRd2,49,0.0102,0.51,151719,0.766,3.21e-05,E,0.0673,-5.812,Minor,0.0278,132.169,4/4,0.727
Big Toe,The Growlers,36,2024,Rock,7qHBtTdpBLRUQGQxshfRd2,49,0.0102,0.51,151719,0.766,3.21e-05,E,0.0673,-5.812,Minor,0.0278,132.169,4/4,0.727
PlantedInMyMind.Memo,Charlie Burg,32,2024,R&B,4osxJNBTFLCMUhXThxGClU,50,0.969,0.511,89072,0.114,0.00038,C,0.0887,-16.031,Major,0.0362,59.219,4/4,0.508
PlantedInMyMind.Memo,Charlie Burg,32,2024,Indie,4osxJNBTFLCMUhXThxGClU,50,0.969,0.511,89072,0.114,0.00038,C,0.0887,-16.031,Major,0.0362,59.219,4/4,0.508
PlantedInMyMind.Memo,Charlie Burg,32,2024,Soul,4osxJNBTFLCMUhXThxGClU,50,0.969,0.511,89072,0.114,0.00038,C,0.0887,-16.031,Major,0.0362,59.219,4/4,0.508
Dearly Departed (feat. Esmé Patterson),Shakey Graves,32,2024,Folk,0ewrI06EIDMGXvgJxuyF3U,62,0.303,0.576,212800,0.609,0.0,G,0.164,-5.921,Major,0.107,86.703,4/4,0.737
Dearly Departed (feat. Esmé Patterson),Shakey Graves,32,2024,Indie,0ewrI06EIDMGXvgJxuyF3U,62,0.303,0.576,212800,0.609,0.0,G,0.164,-5.921,Major,0.107,86.703,4/4,0.737
Dearly Departed (feat. Esmé Patterson),Shakey Graves,32,2024,Pop,0ewrI06EIDMGXvgJxuyF3U,62,0.303,0.576,212800,0.609,0.0,G,0.164,-5.921,Major,0.107,86.703,4/4,0.737
Pictures of Girls,Wallows,32,2024,Children’s Music,415dK4glwDO7fXxYg3np8B,65,0.000248,0.443,204667,0.819,0.00759,F#,0.0802,-5.502,Major,0.0322,154.958,4/4,0.494
Pictures of Girls,Wallows,32,2024,Rock,415dK4glwDO7fXxYg3np8B,65,0.000248,0.443,204667,0.819,0.00759,F#,0.0802,-5.502,Major,0.0322,154.958,4/4,0.494
Alexander Hamilton,Leslie Odom Jr.,31,2024,Jazz,4TTV7EcfroSLWzXRY6gLv6,72,0.524,0.609,236738,0.435,0.0,B,0.118,-7.862,Minor,0.284,131.998,4/4,0.563
Black Memories,The Growlers,31,2024,Indie,2HWFdHcyJAipiBNMoq0olx,52,0.00625,0.614,171400,0.577,0.0,C,0.152,-8.012,Major,0.0285,113.948,4/4,0.835
Black Memories,The Growlers,31,2024,Rock,2HWFdHcyJAipiBNMoq0olx,52,0.00625,0.614,171400,0.577,0.0,C,0.152,-8.012,Major,0.0285,113.948,4/4,0.835
Raised By Wolves,Voxtrot,27,2025,Indie,60ooMa1yzfKIl1Nf4O1GI5,44,0.0815,0.406,280613,0.864,0.0,A,0.196,-5.399,Major,0.0397,150.997,4/4,0.686
River,Leon Bridges,27,2025,Blues,0NeJjNlprGfZpeX2LQuN6c,71,0.689,0.658,238560,0.179,0.0,G#,0.17,-10.866,Major,0.0448,128.128,4/4,0.191
River,Leon Bridges,27,2025,Soul,0NeJjNlprGfZpeX2LQuN6c,74,0.689,0.658,238560,0.179,0.0,G#,0.17,-10.866,Major,0.0448,128.128,4/4,0.191
50 Ways to Leave Your Lover,Paul Simon,27,2025,Folk,6Qb7gtV6Q4MnUjSbkFcopl,69,0.166,0.815,217347,0.372,0.000116,G,0.0767,-12.814,Major,0.0752,101.684,4/4,0.293
50 Ways to Leave Your Lover,Paul Simon,27,2025,Rock,6Qb7gtV6Q4MnUjSbkFcopl,69,0.166,0.815,217347,0.372,0.000116,G,0.0767,-12.814,Major,0.0752,101.684,4/4,0.293
I Don't Wanna Be Okay Without You,Charlie Burg,22,2025,R&B,5YgKH936kLB3ZMuMQf4nxG,53,0.399,0.52,243797,0.319,2.52e-05,F,0.138,-7.461,Major,0.0291,62.985,4/4,0.165
I Don't Wanna Be Okay Without You,Charlie Burg,22,2025,Indie,5YgKH936kLB3ZMuMQf4nxG,53,0.399,0.52,243797,0.319,2.52e-05,F,0.138,-7.461,Major,0.0291,62.985,4/4,0.165
I Don't Wanna Be Okay Without You,Charlie Burg,22,2025,Soul,5YgKH936kLB3ZMuMQf4nxG,53,0.399,0.52,243797,0.319,2.52e-05,F,0.138,-7.461,Major,0.0291,62.985,4/4,0.165
Coming Home,Leon Bridges,18,2025,Blues,5EA06TsQmqmQXZiEhr1AaM,64,0.461,0.427,206387,0.465,5.52e-05,F#,0.154,-6.595,Major,0.0291,112.137,3/4,0.458
Coming Home,Leon Bridges,18,2025,Soul,5EA06TsQmqmQXZiEhr1AaM,69,0.461,0.427,206387,0.465,5.52e-05,F#,0.154,-6.595,Major,0.0291,112.137,3/4,0.458
The World Was Wide Enough,Leslie Odom Jr.,14,2025,Jazz,0P09TBGSKiQwfUsEh1UafT,62,0.466,0.653,302191,0.351,0.0,F,0.107,-12.776,Major,0.648,116.605,3/4,0.309
Real Love Baby,Father John Misty,10,2025,Folk,6YDf6QV7QfCEo8O2dbWalK,66,0.0955,0.417,189293,0.687,0.0278,G,0.0989,-6.484,Major,0.0372,204.11,4/4,0.627
Real Love Baby,Father John Misty,10,2025,Indie,6YDf6QV7QfCEo8O2dbWalK,66,0.0955,0.417,189293,0.687,0.0278,G,0.0989,-6.484,Major,0.0372,204.11,4/4,0.627
Real Love Baby,Father John Misty,10,2025,Pop,6YDf6QV7QfCEo8O2dbWalK,66,0.0955,0.417,189293,0.687,0.0278,G,0.0989,-6.484,Major,0.0372,204.11,4/4,0.627
Real Love Baby,Father John Misty,10,2025,Rock,6YDf6QV7QfCEo8O2dbWalK,66,0.0955,0.417,189293,0.687,0.0278,G,0.0989,-6.484,Major,0.0372,204.11,4/4,0.627
PlantedInMyMind.Memo,Charlie Burg,9,2025,R&B,4osxJNBTFLCMUhXThxGClU,50,0.969,0.511,89072,0.114,0.00038,C,0.0887,-16.031,Major,0.0362,59.219,4/4,0.508
PlantedInMyMind.Memo,Charlie Burg,9,2025,Indie,4osxJNBTFLCMUhXThxGClU,50,0.969,0.511,89072,0.114,0.00038,C,0.0887,-16.031,Major,0.0362,59.219,4/4,0.508
PlantedInMyMind.Memo,Charlie Burg,9,2025,Soul,4osxJNBTFLCMUhXThxGClU,50,0.969,0.511,89072,0.114,0.00038,C,0.0887,-16.031,Major,0.0362,59.219,4/4,0.508
Beyond,Leon Bridges,9,2025,Blues,1Omt5bfz1tZUCqd26HxbS0,68,0.229,0.58,240600,0.687,0.0,F#,0.109,-5.4,Major,0.106,76.014,4/4,0.187
Beyond,Leon Bridges,9,2025,Soul,5esPpmrM2AsyDVgOKzWQwU,74,0.229,0.58,240600,0.687,0.0,F#,0.109,-5.4,Major,0.106,76.014,4/4,0.187
Strawberry Blond,Mitski,9,2025,Folk,3eGsNpXzcb1BDkfSJI54NY,49,0.839,0.553,114277,0.545,0.0,C,0.061,-8.299,Major,0.0867,77.332,4/4,0.943
Strawberry Blond,Mitski,9,2025,Indie,3eGsNpXzcb1BDkfSJI54NY,49,0.839,0.553,114277,0.545,0.0,C,0.061,-8.299,Major,0.0867,77.332,4/4,0.943
Dylan Thomas,Better Oblivion Community Center,8,2025,Folk,6x14wL9HvABR2Rix8N88EH,64,0.000128,0.592,216787,0.805,0.000211,D,0.0916,-7.995,Major,0.0371,116.072,4/4,0.505
Dylan Thomas,Better Oblivion Community Center,8,2025,Indie,6x14wL9HvABR2Rix8N88EH,64,0.000128,0.592,216787,0.805,0.000211,D,0.0916,-7.995,Major,0.0371,116.072,4/4,0.505
Dylan Thomas,Better Oblivion Community Center,8,2025,Pop,6x14wL9HvABR2Rix8N88EH,64,0.000128,0.592,216787,0.805,0.000211,D,0.0916,-7.995,Major,0.0371,116.072,4/4,0.505
Dylan Thomas,Better Oblivion Community Center,8,2025,Rock,6x14wL9HvABR2Rix8N88EH,64,0.000128,0.592,216787,0.805,0.000211,D,0.0916,-7.995,Major,0.0371,116.072,4/4,0.505
Total Eclipse of the Heart,Bonnie Tyler,8,2025,Pop,5prTs2HAw2G4idHZyeFp8o,76,0.195,0.435,269787,0.658,0.0,G#,0.102,-8.179,Major,0.0661,130.276,4/4,0.184
Total Eclipse of the Heart,Bonnie Tyler,8,2025,Rock,5prTs2HAw2G4idHZyeFp8o,76,0.195,0.435,269787,0.658,0.0,G#,0.102,-8.179,Major,0.0661,130.276,4/4,0.184
Are You Bored Yet? (feat. Clairo),Wallows,8,2025,Children’s Music,2iyWlA4yxOs2hWN3x6fa8g,70,0.156,0.682,178000,0.683,2.32e-05,G#,0.273,-6.444,Minor,0.0287,120.023,4/4,0.64
Are You Bored Yet? (feat. Clairo),Wallows,8,2025,Rock,2iyWlA4yxOs2hWN3x6fa8g,71,0.156,0.682,178000,0.683,2.32e-05,G#,0.273,-6.444,Minor,0.0287,120.023,4/4,0.64
Yellow,Coldplay,8,2025,Pop,3AJwUDP919kvQ9QcozQPxg,82,0.00239,0.429,266773,0.661,0.00013,B,0.234,-7.227,Major,0.0281,173.365,4/4,0.285
Dear Prudence - Remastered 2009,The Beatles,8,2025,Rock,5NQYyej46WQkgCbnzGD21W,59,0.16,0.388,235773,0.529,0.0681,G,0.108,-10.533,Major,0.0436,150.721,4/4,0.332
Alexander Hamilton,Leslie Odom Jr.,7,2025,Jazz,4TTV7EcfroSLWzXRY6gLv6,72,0.524,0.609,236738,0.435,0.0,B,0.118,-7.862,Minor,0.284,131.998,4/4,0.563
Jackie and Wilson,Hozier,7,2025,Folk,4JpazKcfOhbwqZrsYhzHee,67,0.0579,0.555,223120,0.727,7.52e-06,F#,0.0937,-4.202,Major,0.0388,82.142,4/4,0.739
Jackie and Wilson,Hozier,7,2025,Pop,4JpazKcfOhbwqZrsYhzHee,67,0.0579,0.555,223120,0.727,7.52e-06,F#,0.0937,-4.202,Major,0.0388,82.142,4/4,0.739
A Change Is Gonna Come,Sam Cooke,7,2025,Pop,0KOE1hat4SIer491XKk4Pa,67,0.76,0.212,191160,0.42,0.0,A#,0.307,-9.919,Major,0.0344,169.555,3/4,0.493
A Change Is Gonna Come,Sam Cooke,7,2025,Soul,0KOE1hat4SIer491XKk4Pa,67,0.76,0.212,191160,0.42,0.0,A#,0.307,-9.919,Major,0.0344,169.555,3/4,0.493
A Change Is Gonna Come,Sam Cooke,7,2025,Rock,0KOE1hat4SIer491XKk4Pa,67,0.76,0.212,191160,0.42,0.0,A#,0.307,-9.919,Major,0.0344,169.555,3/4,0.493
Don't Dream It's Over,Crowded House,6,2025,Dance,7G7tgVYORlDuVprcYHuFJh,72,0.0148,0.439,236933,0.422,4.84e-05,G#,0.0697,-17.227,Major,0.0409,81.833,4/4,0.551
Don't Dream It's Over,Crowded House,6,2025,Pop,7G7tgVYORlDuVprcYHuFJh,73,0.0148,0.439,236933,0.422,4.84e-05,G#,0.0697,-17.227,Major,0.0409,81.833,4/4,0.551
Don't Dream It's Over,Crowded House,6,2025,Rock,7G7tgVYORlDuVprcYHuFJh,73,0.0148,0.439,236933,0.422,4.84e-05,G#,0.0697,-17.227,Major,0.0409,81.833,4/4,0.551
Atlas,The Dip,6,2025,Soul,2LaJnsDLMC8q5khgYHVjrd,50,0.301,0.443,227680,0.654,2.25e-05,A#,0.577,-7.021,Major,0.0296,162.03,4/4,0.915
Nova Scotia 500,Boyscott,6,2025,Indie,6ubmD3rZIQoE2CtXEePO7j,52,0.0542,0.603,192542,0.768,0.726,F#,0.36,-4.515,Minor,0.0295,135.095,4/4,0.476
Nova Scotia 500,Boyscott,6,2025,Rock,6ubmD3rZIQoE2CtXEePO7j,52,0.0542,0.603,192542,0.768,0.726,F#,0.36,-4.515,Minor,0.0295,135.095,4/4,0.476
Dear Theodosia,Leslie Odom Jr.,6,2025,Jazz,2sEq2rC3ynYsT49x7utWnd,67,0.906,0.601,184004,0.222,4.11e-05,A,0.0723,-10.485,Major,0.0303,106.754,4/4,0.271
I Love You So,The Walters,6,2025,Indie,1175r6ZmkUjX8dRJLz9Ohk,70,0.65,0.578,160254,0.669,0.0,A#,0.13,-4.898,Major,0.0377,75.995,4/4,0.503
I Love You So,The Walters,6,2025,Rock,1175r6ZmkUjX8dRJLz9Ohk,70,0.65,0.578,160254,0.669,0.0,A#,0.13,-4.898,Major,0.0377,75.995,4/4,0.503
Dancing In the Dark,Bruce Springsteen,5,2025,Rock,7FwBtcecmlpc1sLySPXeGE,75,0.0115,0.527,241307,0.942,0.0,C#,0.188,-5.64,Minor,0.0366,148.723,4/4,0.495
Ugotme,Omar Apollo,5,2025,Alternative,2NCBjlH7FHEG7hXcnvUaWA,63,0.454,0.782,127273,0.494,6.31e-05,C,0.134,-1.458,Major,0.0339,65.832,4/4,0.401
Ugotme,Omar Apollo,5,2025,Children’s Music,2NCBjlH7FHEG7hXcnvUaWA,67,0.454,0.782,127273,0.494,6.31e-05,C,0.134,-1.458,Major,0.0339,65.832,4/4,0.401
